ID	Contributors	SeqSeeds	Proportions
uMOxTAD-repl1	uMOxTAD	1137183821	1.0
uMOxTAD-repl2	uMOxTAD	2673187613	1.0
uMOxTAD-repl3	uMOxTAD	341564566	1.0
rOAtSSp-repl1	rOAtSSp	91063062	1.0
rOAtSSp-repl2	rOAtSSp	362683876	1.0
rOAtSSp-repl3	rOAtSSp	4020913715	1.0
YRYTFlL-repl1	YRYTFlL	601548584	1.0
YRYTFlL-repl2	YRYTFlL	3757773962	1.0
YRYTFlL-repl3	YRYTFlL	2694006244	1.0
3YqslR4-repl1	3YqslR4	1892364941	1.0
3YqslR4-repl2	3YqslR4	1668766599	1.0
3YqslR4-repl3	3YqslR4	1446537996	1.0
yxVn13c-repl1	yxVn13c	1594066342	1.0
yxVn13c-repl2	yxVn13c	4280328646	1.0
yxVn13c-repl3	yxVn13c	3767967423	1.0
7G9BcwU-repl1	7G9BcwU	4047961436	1.0
7G9BcwU-repl2	7G9BcwU	1949058621	1.0
7G9BcwU-repl3	7G9BcwU	4132787023	1.0
yND8G0h-repl1	yND8G0h	3455438557	1.0
yND8G0h-repl2	yND8G0h	3107818228	1.0
yND8G0h-repl3	yND8G0h	940417449	1.0
EvmY5Wm-repl1	EvmY5Wm	183288851	1.0
EvmY5Wm-repl2	EvmY5Wm	416996764	1.0
EvmY5Wm-repl3	EvmY5Wm	2003873661	1.0
jviGXVi-repl1	jviGXVi	871723717	1.0
jviGXVi-repl2	jviGXVi	3541872911	1.0
jviGXVi-repl3	jviGXVi	3531524647	1.0
yohBAIB-repl1	yohBAIB	1663124274	1.0
yohBAIB-repl2	yohBAIB	1021075868	1.0
yohBAIB-repl3	yohBAIB	1537224105	1.0
2gESeFD-repl1	2gESeFD	2294406664	1.0
2gESeFD-repl2	2gESeFD	266582008	1.0
2gESeFD-repl3	2gESeFD	677529248	1.0
mbj7zhZ-repl1	mbj7zhZ	1077843426	1.0
mbj7zhZ-repl2	mbj7zhZ	45068416	1.0
mbj7zhZ-repl3	mbj7zhZ	3859050666	1.0
Ho6V79C-repl1	Ho6V79C	2059100827	1.0
Ho6V79C-repl2	Ho6V79C	592512218	1.0
Ho6V79C-repl3	Ho6V79C	1514276734	1.0
R0Ti7ZD-repl1	R0Ti7ZD	2368018365	1.0
R0Ti7ZD-repl2	R0Ti7ZD	410442174	1.0
R0Ti7ZD-repl3	R0Ti7ZD	2394523456	1.0
uHMsEJf-repl1	uHMsEJf	3204417533	1.0
uHMsEJf-repl2	uHMsEJf	893250056	1.0
uHMsEJf-repl3	uHMsEJf	2820301421	1.0
us8Unf5-repl1	us8Unf5	435007	1.0
us8Unf5-repl2	us8Unf5	3847976968	1.0
us8Unf5-repl3	us8Unf5	3290388275	1.0
8blKDOH-repl1	8blKDOH	2175601330	1.0
8blKDOH-repl2	8blKDOH	866036315	1.0
8blKDOH-repl3	8blKDOH	2307976479	1.0
xsH1VqX-repl1	xsH1VqX	3117866799	1.0
xsH1VqX-repl2	xsH1VqX	1464430015	1.0
xsH1VqX-repl3	xsH1VqX	3546051939	1.0
YNTribK-repl1	YNTribK	2388325936	1.0
YNTribK-repl2	YNTribK	1532163862	1.0
YNTribK-repl3	YNTribK	12823544	1.0
AfLwyuG-repl1	AfLwyuG	1773216675	1.0
AfLwyuG-repl2	AfLwyuG	908168586	1.0
AfLwyuG-repl3	AfLwyuG	2987023129	1.0
nAJgUgu-repl1	nAJgUgu	1296696837	1.0
nAJgUgu-repl2	nAJgUgu	1694394387	1.0
nAJgUgu-repl3	nAJgUgu	2049886956	1.0
Tq6QrQn-repl1	Tq6QrQn	3598268598	1.0
Tq6QrQn-repl2	Tq6QrQn	2589437904	1.0
Tq6QrQn-repl3	Tq6QrQn	2736863040	1.0
IwpUE0z-repl1	IwpUE0z	3642578685	1.0
IwpUE0z-repl2	IwpUE0z	2423027984	1.0
IwpUE0z-repl3	IwpUE0z	1625574015	1.0
Xc6qMnj-repl1	Xc6qMnj	537408814	1.0
Xc6qMnj-repl2	Xc6qMnj	1479865532	1.0
Xc6qMnj-repl3	Xc6qMnj	1834532864	1.0
U6GcnVT-repl1	U6GcnVT	1241786866	1.0
U6GcnVT-repl2	U6GcnVT	3439453051	1.0
U6GcnVT-repl3	U6GcnVT	2699000708	1.0
eF6AaD8-repl1	eF6AaD8	75067759	1.0
eF6AaD8-repl2	eF6AaD8	1739419465	1.0
eF6AaD8-repl3	eF6AaD8	2711804557	1.0
UoULpqg-repl1	UoULpqg	1713910452	1.0
UoULpqg-repl2	UoULpqg	2338938263	1.0
UoULpqg-repl3	UoULpqg	3786428562	1.0
qKXlPoq-repl1	qKXlPoq	1403416947	1.0
qKXlPoq-repl2	qKXlPoq	70842967	1.0
qKXlPoq-repl3	qKXlPoq	3108371263	1.0
t7RT6zj-repl1	t7RT6zj	871979866	1.0
t7RT6zj-repl2	t7RT6zj	1684012266	1.0
t7RT6zj-repl3	t7RT6zj	260249589	1.0
Dz05SGc-repl1	Dz05SGc	2800192870	1.0
Dz05SGc-repl2	Dz05SGc	265891869	1.0
Dz05SGc-repl3	Dz05SGc	3213000296	1.0
EKdhoOJ-repl1	EKdhoOJ	4046701475	1.0
EKdhoOJ-repl2	EKdhoOJ	4182235724	1.0
EKdhoOJ-repl3	EKdhoOJ	3890333622	1.0
kpOwfUS-repl1	kpOwfUS	1888191478	1.0
kpOwfUS-repl2	kpOwfUS	3749435753	1.0
kpOwfUS-repl3	kpOwfUS	3152692571	1.0
QiYIg6N-repl1	QiYIg6N	4279419672	1.0
QiYIg6N-repl2	QiYIg6N	3533155723	1.0
QiYIg6N-repl3	QiYIg6N	2218913148	1.0
L2hckrc-repl1	L2hckrc	3370321158	1.0
L2hckrc-repl2	L2hckrc	3903045569	1.0
L2hckrc-repl3	L2hckrc	747593238	1.0
VPLFFP9-repl1	VPLFFP9	888361741	1.0
VPLFFP9-repl2	VPLFFP9	3694294675	1.0
VPLFFP9-repl3	VPLFFP9	1309779523	1.0
RgJ50b9-repl1	RgJ50b9	665020628	1.0
RgJ50b9-repl2	RgJ50b9	660386866	1.0
RgJ50b9-repl3	RgJ50b9	757023281	1.0
tYvFlYB-repl1	tYvFlYB	1621065014	1.0
tYvFlYB-repl2	tYvFlYB	1755638368	1.0
tYvFlYB-repl3	tYvFlYB	3103327041	1.0
VrhmEyQ-repl1	VrhmEyQ	2236247105	1.0
VrhmEyQ-repl2	VrhmEyQ	892249963	1.0
VrhmEyQ-repl3	VrhmEyQ	920456596	1.0
dqB1Kto-repl1	dqB1Kto	2996916861	1.0
dqB1Kto-repl2	dqB1Kto	3789175029	1.0
dqB1Kto-repl3	dqB1Kto	501332564	1.0
BHmnngn-repl1	BHmnngn	2315777550	1.0
BHmnngn-repl2	BHmnngn	1689740208	1.0
BHmnngn-repl3	BHmnngn	180480507	1.0
EvtAR5c-repl1	EvtAR5c	3039853542	1.0
EvtAR5c-repl2	EvtAR5c	548953834	1.0
EvtAR5c-repl3	EvtAR5c	1490626235	1.0
uFxWkLy-repl1	uFxWkLy	3675042950	1.0
uFxWkLy-repl2	uFxWkLy	207536612	1.0
uFxWkLy-repl3	uFxWkLy	1236107355	1.0
MZuQAQW-repl1	MZuQAQW	484027831	1.0
MZuQAQW-repl2	MZuQAQW	939334125	1.0
MZuQAQW-repl3	MZuQAQW	1345109930	1.0
Iba3s8b-repl1	Iba3s8b	1956023834	1.0
Iba3s8b-repl2	Iba3s8b	2927848329	1.0
Iba3s8b-repl3	Iba3s8b	2464819937	1.0
NIAgza4-repl1	NIAgza4	2870810225	1.0
NIAgza4-repl2	NIAgza4	122754350	1.0
NIAgza4-repl3	NIAgza4	2749082462	1.0
UgouRcE-repl1	UgouRcE	3876846479	1.0
UgouRcE-repl2	UgouRcE	2282178679	1.0
UgouRcE-repl3	UgouRcE	1801947327	1.0
YHjVgIs-repl1	YHjVgIs	2164395300	1.0
YHjVgIs-repl2	YHjVgIs	4106278026	1.0
YHjVgIs-repl3	YHjVgIs	2288665142	1.0
30bT6gP-repl1	30bT6gP	4121071188	1.0
30bT6gP-repl2	30bT6gP	4032067077	1.0
30bT6gP-repl3	30bT6gP	2371655302	1.0
rjaQpWT-repl1	rjaQpWT	8371309	1.0
rjaQpWT-repl2	rjaQpWT	1007867616	1.0
rjaQpWT-repl3	rjaQpWT	3639836621	1.0
LzOpc9Z-repl1	LzOpc9Z	918541426	1.0
LzOpc9Z-repl2	LzOpc9Z	2077045405	1.0
LzOpc9Z-repl3	LzOpc9Z	3504754364	1.0
3e5LRHX-repl1	3e5LRHX	2539559512	1.0
3e5LRHX-repl2	3e5LRHX	3740426670	1.0
3e5LRHX-repl3	3e5LRHX	3794140289	1.0
XJjy8xY-repl1	XJjy8xY	695969416	1.0
XJjy8xY-repl2	XJjy8xY	2113193616	1.0
XJjy8xY-repl3	XJjy8xY	1746089189	1.0
rM98MxZ-repl1	rM98MxZ	1942763418	1.0
rM98MxZ-repl2	rM98MxZ	2715817644	1.0
rM98MxZ-repl3	rM98MxZ	224821341	1.0
cbAuOJB-repl1	cbAuOJB	3422832064	1.0
cbAuOJB-repl2	cbAuOJB	3001884394	1.0
cbAuOJB-repl3	cbAuOJB	3558450237	1.0
zD7wyy2-repl1	zD7wyy2	1547979577	1.0
zD7wyy2-repl2	zD7wyy2	3139429673	1.0
zD7wyy2-repl3	zD7wyy2	3650237982	1.0
9ezCf8n-repl1	9ezCf8n	1305771841	1.0
9ezCf8n-repl2	9ezCf8n	766954726	1.0
9ezCf8n-repl3	9ezCf8n	2578138349	1.0
kklYMB9-repl1	kklYMB9	3563420182	1.0
kklYMB9-repl2	kklYMB9	2244769341	1.0
kklYMB9-repl3	kklYMB9	454762146	1.0
n3zYTQV-repl1	n3zYTQV	1946654746	1.0
n3zYTQV-repl2	n3zYTQV	3978051460	1.0
n3zYTQV-repl3	n3zYTQV	1147257857	1.0
L5K7ui9-repl1	L5K7ui9	3711202956	1.0
L5K7ui9-repl2	L5K7ui9	1802686611	1.0
L5K7ui9-repl3	L5K7ui9	376412796	1.0
u87DBjo-repl1	u87DBjo	3928875680	1.0
u87DBjo-repl2	u87DBjo	3890556753	1.0
u87DBjo-repl3	u87DBjo	412321897	1.0
LrZYfQl-repl1	LrZYfQl	3988023004	1.0
LrZYfQl-repl2	LrZYfQl	739804622	1.0
LrZYfQl-repl3	LrZYfQl	377342387	1.0
RahTENy-repl1	RahTENy	85488569	1.0
RahTENy-repl2	RahTENy	1300836983	1.0
RahTENy-repl3	RahTENy	878483940	1.0
suXrIRO-repl1	suXrIRO	3961532587	1.0
suXrIRO-repl2	suXrIRO	3213037558	1.0
suXrIRO-repl3	suXrIRO	4032349095	1.0
UOR60cw-repl1	UOR60cw	3006166576	1.0
UOR60cw-repl2	UOR60cw	3946811210	1.0
UOR60cw-repl3	UOR60cw	3897947609	1.0
xwE7Icn-repl1	xwE7Icn	2518626367	1.0
xwE7Icn-repl2	xwE7Icn	1512374060	1.0
xwE7Icn-repl3	xwE7Icn	430844819	1.0
2CjxPuN-repl1	2CjxPuN	1233413189	1.0
2CjxPuN-repl2	2CjxPuN	2850696847	1.0
2CjxPuN-repl3	2CjxPuN	3346886127	1.0
kjm07sk-repl1	kjm07sk	4078291931	1.0
kjm07sk-repl2	kjm07sk	3024251292	1.0
kjm07sk-repl3	kjm07sk	718035903	1.0
44iwcmq-repl1	44iwcmq	2021506444	1.0
44iwcmq-repl2	44iwcmq	1636112466	1.0
44iwcmq-repl3	44iwcmq	2099709670	1.0
DRwLSAV-repl1	DRwLSAV	292109682	1.0
DRwLSAV-repl2	DRwLSAV	408640651	1.0
DRwLSAV-repl3	DRwLSAV	2382834351	1.0
jleTW7z-repl1	jleTW7z	2285126675	1.0
jleTW7z-repl2	jleTW7z	2343924790	1.0
jleTW7z-repl3	jleTW7z	4277245254	1.0
UGYDCCh-repl1	UGYDCCh	2214873903	1.0
UGYDCCh-repl2	UGYDCCh	1653449922	1.0
UGYDCCh-repl3	UGYDCCh	367764711	1.0
M88lHEX-repl1	M88lHEX	1086667818	1.0
M88lHEX-repl2	M88lHEX	3372424810	1.0
M88lHEX-repl3	M88lHEX	1194889284	1.0
hu1BE99-repl1	hu1BE99	2742784530	1.0
hu1BE99-repl2	hu1BE99	1774620631	1.0
hu1BE99-repl3	hu1BE99	2044094763	1.0
z8QflIu-repl1	z8QflIu	1267171382	1.0
z8QflIu-repl2	z8QflIu	739896123	1.0
z8QflIu-repl3	z8QflIu	1091241483	1.0
WUwIyeP-repl1	WUwIyeP	2346980924	1.0
WUwIyeP-repl2	WUwIyeP	1331965320	1.0
WUwIyeP-repl3	WUwIyeP	2035719685	1.0
UCDTrek-repl1	UCDTrek	2753556076	1.0
UCDTrek-repl2	UCDTrek	2694392145	1.0
UCDTrek-repl3	UCDTrek	1368721777	1.0
hJcRiF6-repl1	hJcRiF6	2777264272	1.0
hJcRiF6-repl2	hJcRiF6	2350070397	1.0
hJcRiF6-repl3	hJcRiF6	685578412	1.0
0TuTAfa-repl1	0TuTAfa	2933587276	1.0
0TuTAfa-repl2	0TuTAfa	2514094553	1.0
0TuTAfa-repl3	0TuTAfa	1330300640	1.0
8UColRe-repl1	8UColRe	1254196001	1.0
8UColRe-repl2	8UColRe	4220049486	1.0
8UColRe-repl3	8UColRe	2291023952	1.0
oFGGFS7-repl1	oFGGFS7	4131176523	1.0
oFGGFS7-repl2	oFGGFS7	596806059	1.0
oFGGFS7-repl3	oFGGFS7	3618086940	1.0
8PQLOkl-repl1	8PQLOkl	1716786424	1.0
8PQLOkl-repl2	8PQLOkl	448767487	1.0
8PQLOkl-repl3	8PQLOkl	704150730	1.0
u8NJnFR-repl1	u8NJnFR	2405927036	1.0
u8NJnFR-repl2	u8NJnFR	2269735091	1.0
u8NJnFR-repl3	u8NJnFR	266939138	1.0
CROBAnZ-repl1	CROBAnZ	1727239019	1.0
CROBAnZ-repl2	CROBAnZ	3853822438	1.0
CROBAnZ-repl3	CROBAnZ	3462001325	1.0
sHALKGB-repl1	sHALKGB	4291356975	1.0
sHALKGB-repl2	sHALKGB	2973551727	1.0
sHALKGB-repl3	sHALKGB	2985123746	1.0
cmItGUs-repl1	cmItGUs	3652187400	1.0
cmItGUs-repl2	cmItGUs	211232870	1.0
cmItGUs-repl3	cmItGUs	1645114406	1.0
DmFZ634-repl1	DmFZ634	3829457565	1.0
DmFZ634-repl2	DmFZ634	3891415658	1.0
DmFZ634-repl3	DmFZ634	1296565472	1.0
9rXppKy-repl1	9rXppKy	1795148090	1.0
9rXppKy-repl2	9rXppKy	790211979	1.0
9rXppKy-repl3	9rXppKy	1634016227	1.0
ckVOCXl-repl1	ckVOCXl	4173773287	1.0
ckVOCXl-repl2	ckVOCXl	1861738833	1.0
ckVOCXl-repl3	ckVOCXl	4145231959	1.0
equ5cLN-repl1	equ5cLN	2128505077	1.0
equ5cLN-repl2	equ5cLN	2015343757	1.0
equ5cLN-repl3	equ5cLN	4074382544	1.0
3nHxp1k-repl1	3nHxp1k	2342375518	1.0
3nHxp1k-repl2	3nHxp1k	2469976625	1.0
3nHxp1k-repl3	3nHxp1k	742770050	1.0
EczAtZj-repl1	EczAtZj	135387090	1.0
EczAtZj-repl2	EczAtZj	1259309975	1.0
EczAtZj-repl3	EczAtZj	238262841	1.0
DW5FU0H-repl1	DW5FU0H	3356084234	1.0
DW5FU0H-repl2	DW5FU0H	2595076744	1.0
DW5FU0H-repl3	DW5FU0H	583370155	1.0
reIZEtp-repl1	reIZEtp	2324200138	1.0
reIZEtp-repl2	reIZEtp	3590044392	1.0
reIZEtp-repl3	reIZEtp	3276699494	1.0
9zFXqV2-repl1	9zFXqV2	1548301463	1.0
9zFXqV2-repl2	9zFXqV2	3464456312	1.0
9zFXqV2-repl3	9zFXqV2	1288674447	1.0
kznJYAC-repl1	kznJYAC	2429615148	1.0
kznJYAC-repl2	kznJYAC	682127073	1.0
kznJYAC-repl3	kznJYAC	4235890264	1.0
1hL4qhO-repl1	1hL4qhO	2112519515	1.0
1hL4qhO-repl2	1hL4qhO	1937435221	1.0
1hL4qhO-repl3	1hL4qhO	2458448007	1.0
c9iHXt8-repl1	c9iHXt8	3642860863	1.0
c9iHXt8-repl2	c9iHXt8	3932662145	1.0
c9iHXt8-repl3	c9iHXt8	3868108258	1.0
KFvFcaC-repl1	KFvFcaC	3188001527	1.0
KFvFcaC-repl2	KFvFcaC	795990676	1.0
KFvFcaC-repl3	KFvFcaC	990456946	1.0
oohzvvR-repl1	oohzvvR	1333686108	1.0
oohzvvR-repl2	oohzvvR	833507437	1.0
oohzvvR-repl3	oohzvvR	941448519	1.0
zw063Xt-repl1	zw063Xt	407124340	1.0
zw063Xt-repl2	zw063Xt	1742714618	1.0
zw063Xt-repl3	zw063Xt	76362077	1.0
mgni2Je-repl1	mgni2Je	64787673	1.0
mgni2Je-repl2	mgni2Je	3998914196	1.0
mgni2Je-repl3	mgni2Je	3735305249	1.0
jN2TegE-repl1	jN2TegE	387534158	1.0
jN2TegE-repl2	jN2TegE	1119273981	1.0
jN2TegE-repl3	jN2TegE	2086286099	1.0
T97pMth-repl1	T97pMth	1549409007	1.0
T97pMth-repl2	T97pMth	4166968780	1.0
T97pMth-repl3	T97pMth	84611787	1.0
YoiP07s-repl1	YoiP07s	1286600834	1.0
YoiP07s-repl2	YoiP07s	2999212842	1.0
YoiP07s-repl3	YoiP07s	51654548	1.0
f5CUWJF-repl1	f5CUWJF	1342347643	1.0
f5CUWJF-repl2	f5CUWJF	4040762863	1.0
f5CUWJF-repl3	f5CUWJF	1740925786	1.0
KwPmBvn-repl1	KwPmBvn	2188381819	1.0
KwPmBvn-repl2	KwPmBvn	1510999721	1.0
KwPmBvn-repl3	KwPmBvn	3570852818	1.0
55PpzRB-repl1	55PpzRB	204300404	1.0
55PpzRB-repl2	55PpzRB	2908481143	1.0
55PpzRB-repl3	55PpzRB	2112574839	1.0
H1Jc1FG-repl1	H1Jc1FG	3891858096	1.0
H1Jc1FG-repl2	H1Jc1FG	3687332088	1.0
H1Jc1FG-repl3	H1Jc1FG	2765864804	1.0
hfrmSFu-repl1	hfrmSFu	3353359971	1.0
hfrmSFu-repl2	hfrmSFu	1767107236	1.0
hfrmSFu-repl3	hfrmSFu	1553741529	1.0
uqEs2zF-repl1	uqEs2zF	2188308199	1.0
uqEs2zF-repl2	uqEs2zF	2206986873	1.0
uqEs2zF-repl3	uqEs2zF	1880638554	1.0
n7NosH2-repl1	n7NosH2	1690570602	1.0
n7NosH2-repl2	n7NosH2	3812065611	1.0
n7NosH2-repl3	n7NosH2	2478423246	1.0
gJSqLi1-repl1	gJSqLi1	1608469238	1.0
gJSqLi1-repl2	gJSqLi1	3595608446	1.0
gJSqLi1-repl3	gJSqLi1	2938042532	1.0
TFiV2yh-repl1	TFiV2yh	150951635	1.0
TFiV2yh-repl2	TFiV2yh	2273092423	1.0
TFiV2yh-repl3	TFiV2yh	260144929	1.0
3s6XJJB-repl1	3s6XJJB	274621345	1.0
3s6XJJB-repl2	3s6XJJB	2828358705	1.0
3s6XJJB-repl3	3s6XJJB	3549613073	1.0
cNjdfLJ-repl1	cNjdfLJ	3033076694	1.0
cNjdfLJ-repl2	cNjdfLJ	462481881	1.0
cNjdfLJ-repl3	cNjdfLJ	1492427777	1.0
xQ40iyI-repl1	xQ40iyI	3180538307	1.0
xQ40iyI-repl2	xQ40iyI	3597995671	1.0
xQ40iyI-repl3	xQ40iyI	1338294687	1.0
pv84lf7-repl1	pv84lf7	297628232	1.0
pv84lf7-repl2	pv84lf7	3684673695	1.0
pv84lf7-repl3	pv84lf7	1506207868	1.0
7Boqx6n-repl1	7Boqx6n	3904162429	1.0
7Boqx6n-repl2	7Boqx6n	1488658773	1.0
7Boqx6n-repl3	7Boqx6n	1103379645	1.0
uuVMmWC-repl1	uuVMmWC	1244839925	1.0
uuVMmWC-repl2	uuVMmWC	3812834317	1.0
uuVMmWC-repl3	uuVMmWC	3757052954	1.0
FakNUUn-repl1	FakNUUn	3816825644	1.0
FakNUUn-repl2	FakNUUn	2202463116	1.0
FakNUUn-repl3	FakNUUn	3444384840	1.0
hftagi4-repl1	hftagi4	746858515	1.0
hftagi4-repl2	hftagi4	1276427764	1.0
hftagi4-repl3	hftagi4	1119002203	1.0
xTO6ECt-repl1	xTO6ECt	3467029823	1.0
xTO6ECt-repl2	xTO6ECt	4292537147	1.0
xTO6ECt-repl3	xTO6ECt	1619304962	1.0
ICIK2Vl-repl1	ICIK2Vl	3692208283	1.0
ICIK2Vl-repl2	ICIK2Vl	2933781078	1.0
ICIK2Vl-repl3	ICIK2Vl	207165933	1.0
UzG5eQC-repl1	UzG5eQC	3187056235	1.0
UzG5eQC-repl2	UzG5eQC	424593984	1.0
UzG5eQC-repl3	UzG5eQC	3736358128	1.0
fwG766o-repl1	fwG766o	3878939316	1.0
fwG766o-repl2	fwG766o	2810539920	1.0
fwG766o-repl3	fwG766o	822331751	1.0
eKKanVN-repl1	eKKanVN	1145362950	1.0
eKKanVN-repl2	eKKanVN	1666026772	1.0
eKKanVN-repl3	eKKanVN	1541638450	1.0
9iBWnx8-repl1	9iBWnx8	2863841454	1.0
9iBWnx8-repl2	9iBWnx8	994514256	1.0
9iBWnx8-repl3	9iBWnx8	1211524086	1.0
CYnIujU-repl1	CYnIujU	3106044840	1.0
CYnIujU-repl2	CYnIujU	1820128176	1.0
CYnIujU-repl3	CYnIujU	3457378087	1.0
Wwi1Sfy-repl1	Wwi1Sfy	2778820392	1.0
Wwi1Sfy-repl2	Wwi1Sfy	3067503865	1.0
Wwi1Sfy-repl3	Wwi1Sfy	3332113313	1.0
5oUmznM-repl1	5oUmznM	1151850522	1.0
5oUmznM-repl2	5oUmznM	1500149449	1.0
5oUmznM-repl3	5oUmznM	1700811599	1.0
krbOVf5-repl1	krbOVf5	2100865487	1.0
krbOVf5-repl2	krbOVf5	3281277012	1.0
krbOVf5-repl3	krbOVf5	1392682564	1.0
nW1dGz0-repl1	nW1dGz0	3002341104	1.0
nW1dGz0-repl2	nW1dGz0	4106411617	1.0
nW1dGz0-repl3	nW1dGz0	2731972882	1.0
q1uKEmz-repl1	q1uKEmz	3922719571	1.0
q1uKEmz-repl2	q1uKEmz	181165137	1.0
q1uKEmz-repl3	q1uKEmz	661595041	1.0
99MP397-repl1	99MP397	2140419368	1.0
99MP397-repl2	99MP397	3123682514	1.0
99MP397-repl3	99MP397	186023003	1.0
6q13zTj-repl1	6q13zTj	4143744534	1.0
6q13zTj-repl2	6q13zTj	2627419737	1.0
6q13zTj-repl3	6q13zTj	2281274676	1.0
fe0XjkY-repl1	fe0XjkY	1720965467	1.0
fe0XjkY-repl2	fe0XjkY	4120569892	1.0
fe0XjkY-repl3	fe0XjkY	2011749881	1.0
U5YsiDH-repl1	U5YsiDH	3992504918	1.0
U5YsiDH-repl2	U5YsiDH	1672626148	1.0
U5YsiDH-repl3	U5YsiDH	3362571251	1.0
PDSpFB4-repl1	PDSpFB4	2643346709	1.0
PDSpFB4-repl2	PDSpFB4	1616734538	1.0
PDSpFB4-repl3	PDSpFB4	3679686068	1.0
jfLRPLO-repl1	jfLRPLO	2179106865	1.0
jfLRPLO-repl2	jfLRPLO	104905066	1.0
jfLRPLO-repl3	jfLRPLO	2208998777	1.0
EA0YVho-repl1	EA0YVho	1224952351	1.0
EA0YVho-repl2	EA0YVho	3215828247	1.0
EA0YVho-repl3	EA0YVho	1243230002	1.0
X5KIBgH-repl1	X5KIBgH	1046143495	1.0
X5KIBgH-repl2	X5KIBgH	3740098084	1.0
X5KIBgH-repl3	X5KIBgH	2596093873	1.0
IgRFjDK-repl1	IgRFjDK	4256289353	1.0
IgRFjDK-repl2	IgRFjDK	1422298090	1.0
IgRFjDK-repl3	IgRFjDK	2520495827	1.0
WI8dFsB-repl1	WI8dFsB	1541182159	1.0
WI8dFsB-repl2	WI8dFsB	495250422	1.0
WI8dFsB-repl3	WI8dFsB	1861166524	1.0
4kJOv3W-repl1	4kJOv3W	3159312822	1.0
4kJOv3W-repl2	4kJOv3W	1980115704	1.0
4kJOv3W-repl3	4kJOv3W	1992740211	1.0
SrcfvAI-repl1	SrcfvAI	804181006	1.0
SrcfvAI-repl2	SrcfvAI	1233824578	1.0
SrcfvAI-repl3	SrcfvAI	4028865000	1.0
LReJo7e-repl1	LReJo7e	1245671008	1.0
LReJo7e-repl2	LReJo7e	191751853	1.0
LReJo7e-repl3	LReJo7e	1644903937	1.0
86v58st-repl1	86v58st	2405488749	1.0
86v58st-repl2	86v58st	3716582483	1.0
86v58st-repl3	86v58st	3887374738	1.0
iR3x3ty-repl1	iR3x3ty	3235556074	1.0
iR3x3ty-repl2	iR3x3ty	4027072820	1.0
iR3x3ty-repl3	iR3x3ty	2682059586	1.0
bp9pNdq-repl1	bp9pNdq	3056346379	1.0
bp9pNdq-repl2	bp9pNdq	2097358333	1.0
bp9pNdq-repl3	bp9pNdq	4131028909	1.0
K826vC1-repl1	K826vC1	1574800545	1.0
K826vC1-repl2	K826vC1	4153382919	1.0
K826vC1-repl3	K826vC1	368184532	1.0
Efnze0H-repl1	Efnze0H	183259186	1.0
Efnze0H-repl2	Efnze0H	3642123302	1.0
Efnze0H-repl3	Efnze0H	3793726206	1.0
qnkx8Kx-repl1	qnkx8Kx	1254160974	1.0
qnkx8Kx-repl2	qnkx8Kx	1027460431	1.0
qnkx8Kx-repl3	qnkx8Kx	3383732948	1.0
0cyLaQY-repl1	0cyLaQY	2394559155	1.0
0cyLaQY-repl2	0cyLaQY	2789202516	1.0
0cyLaQY-repl3	0cyLaQY	4186356597	1.0
EZiNktZ-repl1	EZiNktZ	2251383207	1.0
EZiNktZ-repl2	EZiNktZ	3553071536	1.0
EZiNktZ-repl3	EZiNktZ	3670361655	1.0
1MpOM4B-repl1	1MpOM4B	3711761431	1.0
1MpOM4B-repl2	1MpOM4B	2929696488	1.0
1MpOM4B-repl3	1MpOM4B	3499325922	1.0
XB7wMEb-repl1	XB7wMEb	1016626577	1.0
XB7wMEb-repl2	XB7wMEb	3130726997	1.0
XB7wMEb-repl3	XB7wMEb	2443722457	1.0
ikgytI5-repl1	ikgytI5	3214798930	1.0
ikgytI5-repl2	ikgytI5	1161572141	1.0
ikgytI5-repl3	ikgytI5	3632564866	1.0
AJ8QpPB-repl1	AJ8QpPB	1544278259	1.0
AJ8QpPB-repl2	AJ8QpPB	1818293443	1.0
AJ8QpPB-repl3	AJ8QpPB	2398946712	1.0
PmwMwb7-repl1	PmwMwb7	1381624662	1.0
PmwMwb7-repl2	PmwMwb7	1012552232	1.0
PmwMwb7-repl3	PmwMwb7	3752691364	1.0
T2Vpjdc-repl1	T2Vpjdc	2898963547	1.0
T2Vpjdc-repl2	T2Vpjdc	3553141748	1.0
T2Vpjdc-repl3	T2Vpjdc	1683562632	1.0
v86R9ai-repl1	v86R9ai	1031787264	1.0
v86R9ai-repl2	v86R9ai	3989720832	1.0
v86R9ai-repl3	v86R9ai	292107715	1.0
LQq8XhJ-repl1	LQq8XhJ	475699309	1.0
LQq8XhJ-repl2	LQq8XhJ	777149199	1.0
LQq8XhJ-repl3	LQq8XhJ	708391292	1.0
ZQ0CCLm-repl1	ZQ0CCLm	3654333500	1.0
ZQ0CCLm-repl2	ZQ0CCLm	486200639	1.0
ZQ0CCLm-repl3	ZQ0CCLm	218583150	1.0
cqyquWd-repl1	cqyquWd	3536250745	1.0
cqyquWd-repl2	cqyquWd	3569071375	1.0
cqyquWd-repl3	cqyquWd	228372652	1.0
DW2yZmJ-repl1	DW2yZmJ	3935396292	1.0
DW2yZmJ-repl2	DW2yZmJ	3753904221	1.0
DW2yZmJ-repl3	DW2yZmJ	3568205034	1.0
IRrspNa-repl1	IRrspNa	1453191630	1.0
IRrspNa-repl2	IRrspNa	2517839605	1.0
IRrspNa-repl3	IRrspNa	3243681792	1.0
Rkttpw8-repl1	Rkttpw8	3089981408	1.0
Rkttpw8-repl2	Rkttpw8	2128244148	1.0
Rkttpw8-repl3	Rkttpw8	1749953800	1.0
Ki4Cyh3-repl1	Ki4Cyh3	2639360611	1.0
Ki4Cyh3-repl2	Ki4Cyh3	4176707239	1.0
Ki4Cyh3-repl3	Ki4Cyh3	833553231	1.0
USzcR1G-repl1	USzcR1G	2444086237	1.0
USzcR1G-repl2	USzcR1G	81243759	1.0
USzcR1G-repl3	USzcR1G	708555655	1.0
DkiNo1l-repl1	DkiNo1l	3727017765	1.0
DkiNo1l-repl2	DkiNo1l	339575875	1.0
DkiNo1l-repl3	DkiNo1l	1872659440	1.0
RJ0Lbxp-repl1	RJ0Lbxp	2322806987	1.0
RJ0Lbxp-repl2	RJ0Lbxp	1992204058	1.0
RJ0Lbxp-repl3	RJ0Lbxp	1863184456	1.0
inDXZav-repl1	inDXZav	1820032609	1.0
inDXZav-repl2	inDXZav	3574640034	1.0
inDXZav-repl3	inDXZav	1451076857	1.0
rMwmX4z-repl1	rMwmX4z	1981559525	1.0
rMwmX4z-repl2	rMwmX4z	3008057042	1.0
rMwmX4z-repl3	rMwmX4z	1264886192	1.0
ypCtWg6-repl1	ypCtWg6	542521263	1.0
ypCtWg6-repl2	ypCtWg6	767192098	1.0
ypCtWg6-repl3	ypCtWg6	4035543698	1.0
7febbiq-repl1	7febbiq	2151723658	1.0
7febbiq-repl2	7febbiq	1378836008	1.0
7febbiq-repl3	7febbiq	159221867	1.0
rX8oTnl-repl1	rX8oTnl	2219176240	1.0
rX8oTnl-repl2	rX8oTnl	1542074990	1.0
rX8oTnl-repl3	rX8oTnl	500355925	1.0
H8uQxtE-repl1	H8uQxtE	4011939542	1.0
H8uQxtE-repl2	H8uQxtE	3673346862	1.0
H8uQxtE-repl3	H8uQxtE	3155146947	1.0
HWhXPmk-repl1	HWhXPmk	714573939	1.0
HWhXPmk-repl2	HWhXPmk	3467632677	1.0
HWhXPmk-repl3	HWhXPmk	3892799575	1.0
tw8xDGO-repl1	tw8xDGO	2041890901	1.0
tw8xDGO-repl2	tw8xDGO	2557728012	1.0
tw8xDGO-repl3	tw8xDGO	2000905168	1.0
X7OSjY1-repl1	X7OSjY1	90442768	1.0
X7OSjY1-repl2	X7OSjY1	14529427	1.0
X7OSjY1-repl3	X7OSjY1	3712577803	1.0
eX0Gf4W-repl1	eX0Gf4W	2788690303	1.0
eX0Gf4W-repl2	eX0Gf4W	71751431	1.0
eX0Gf4W-repl3	eX0Gf4W	50281487	1.0
RfbsPCO-repl1	RfbsPCO	495286644	1.0
RfbsPCO-repl2	RfbsPCO	2974339824	1.0
RfbsPCO-repl3	RfbsPCO	3349083669	1.0
SoOdLzH-repl1	SoOdLzH	3058059243	1.0
SoOdLzH-repl2	SoOdLzH	138535055	1.0
SoOdLzH-repl3	SoOdLzH	1306882011	1.0
lT0RUoq-repl1	lT0RUoq	2126422760	1.0
lT0RUoq-repl2	lT0RUoq	901391473	1.0
lT0RUoq-repl3	lT0RUoq	2071439285	1.0
FIGG76n-repl1	FIGG76n	3964478531	1.0
FIGG76n-repl2	FIGG76n	3698767337	1.0
FIGG76n-repl3	FIGG76n	3699326416	1.0
C34dBxR-repl1	C34dBxR	2813319740	1.0
C34dBxR-repl2	C34dBxR	290107266	1.0
C34dBxR-repl3	C34dBxR	4121951994	1.0
a6XdMbr-repl1	a6XdMbr	1393543156	1.0
a6XdMbr-repl2	a6XdMbr	1871799449	1.0
a6XdMbr-repl3	a6XdMbr	1949756638	1.0
Uy3mwqR-repl1	Uy3mwqR	2425339126	1.0
Uy3mwqR-repl2	Uy3mwqR	3347243743	1.0
Uy3mwqR-repl3	Uy3mwqR	3430064493	1.0
tgvpbaL-repl1	tgvpbaL	3439911660	1.0
tgvpbaL-repl2	tgvpbaL	2627585301	1.0
tgvpbaL-repl3	tgvpbaL	3886290365	1.0
3FWWJDs-repl1	3FWWJDs	677175584	1.0
3FWWJDs-repl2	3FWWJDs	3248593618	1.0
3FWWJDs-repl3	3FWWJDs	215751444	1.0
qB9sMZl-repl1	qB9sMZl	3323700087	1.0
qB9sMZl-repl2	qB9sMZl	3194773979	1.0
qB9sMZl-repl3	qB9sMZl	3602371082	1.0
XCr3kR3-repl1	XCr3kR3	3879318033	1.0
XCr3kR3-repl2	XCr3kR3	769875137	1.0
XCr3kR3-repl3	XCr3kR3	3606688281	1.0
HpCgpVe-repl1	HpCgpVe	2963836140	1.0
HpCgpVe-repl2	HpCgpVe	476661234	1.0
HpCgpVe-repl3	HpCgpVe	2340786073	1.0
XPy6mVr-repl1	XPy6mVr	939819461	1.0
XPy6mVr-repl2	XPy6mVr	3377496116	1.0
XPy6mVr-repl3	XPy6mVr	319342990	1.0
z2Cb7hX-repl1	z2Cb7hX	2441626106	1.0
z2Cb7hX-repl2	z2Cb7hX	1588414419	1.0
z2Cb7hX-repl3	z2Cb7hX	3453813739	1.0
w9P0T8G-repl1	w9P0T8G	4239095842	1.0
w9P0T8G-repl2	w9P0T8G	3321836367	1.0
w9P0T8G-repl3	w9P0T8G	3603186343	1.0
7lIq0iO-repl1	7lIq0iO	948649395	1.0
7lIq0iO-repl2	7lIq0iO	2453734684	1.0
7lIq0iO-repl3	7lIq0iO	2986199002	1.0
F3Vr1mb-repl1	F3Vr1mb	3342342483	1.0
F3Vr1mb-repl2	F3Vr1mb	937348613	1.0
F3Vr1mb-repl3	F3Vr1mb	1993872781	1.0
we2DiEL-repl1	we2DiEL	62192153	1.0
we2DiEL-repl2	we2DiEL	347548464	1.0
we2DiEL-repl3	we2DiEL	170469350	1.0
SZTQLlV-repl1	SZTQLlV	214255117	1.0
SZTQLlV-repl2	SZTQLlV	2022804236	1.0
SZTQLlV-repl3	SZTQLlV	1901603488	1.0
VySHsCT-repl1	VySHsCT	577982261	1.0
VySHsCT-repl2	VySHsCT	1613287333	1.0
VySHsCT-repl3	VySHsCT	4182581522	1.0
SqF7WqT-repl1	SqF7WqT	4259149011	1.0
SqF7WqT-repl2	SqF7WqT	1443408122	1.0
SqF7WqT-repl3	SqF7WqT	2763271038	1.0
OYF4x77-repl1	OYF4x77	2490818608	1.0
OYF4x77-repl2	OYF4x77	2538675589	1.0
OYF4x77-repl3	OYF4x77	3283245577	1.0
GIHX0p7-repl1	GIHX0p7	1145300266	1.0
GIHX0p7-repl2	GIHX0p7	3053283015	1.0
GIHX0p7-repl3	GIHX0p7	3658282607	1.0
LrYRQUM-repl1	LrYRQUM	1236316947	1.0
LrYRQUM-repl2	LrYRQUM	1495012113	1.0
LrYRQUM-repl3	LrYRQUM	2603718793	1.0
b4pKRwg-repl1	b4pKRwg	2456770205	1.0
b4pKRwg-repl2	b4pKRwg	3683670692	1.0
b4pKRwg-repl3	b4pKRwg	1651470600	1.0
jJBvvIv-repl1	jJBvvIv	2451829254	1.0
jJBvvIv-repl2	jJBvvIv	1376170379	1.0
jJBvvIv-repl3	jJBvvIv	2377234078	1.0
9Pdc5Eu-repl1	9Pdc5Eu	1476786729	1.0
9Pdc5Eu-repl2	9Pdc5Eu	1915077570	1.0
9Pdc5Eu-repl3	9Pdc5Eu	138725550	1.0
kH2AuNk-repl1	kH2AuNk	3169012471	1.0
kH2AuNk-repl2	kH2AuNk	1717529188	1.0
kH2AuNk-repl3	kH2AuNk	2803102575	1.0
oDrYCtl-repl1	oDrYCtl	3734330420	1.0
oDrYCtl-repl2	oDrYCtl	1692588099	1.0
oDrYCtl-repl3	oDrYCtl	1833007071	1.0
INrK3iL-repl1	INrK3iL	3145477715	1.0
INrK3iL-repl2	INrK3iL	4061308590	1.0
INrK3iL-repl3	INrK3iL	3557912420	1.0
YZWzDVK-repl1	YZWzDVK	1348657470	1.0
YZWzDVK-repl2	YZWzDVK	1368837031	1.0
YZWzDVK-repl3	YZWzDVK	1318597181	1.0
5oWSPMq-repl1	5oWSPMq	1692313073	1.0
5oWSPMq-repl2	5oWSPMq	409228661	1.0
5oWSPMq-repl3	5oWSPMq	3246674897	1.0
WCKB4Rp-repl1	WCKB4Rp	277594157	1.0
WCKB4Rp-repl2	WCKB4Rp	1233715110	1.0
WCKB4Rp-repl3	WCKB4Rp	3850752689	1.0
ZW6Z88i-repl1	ZW6Z88i	2224179011	1.0
ZW6Z88i-repl2	ZW6Z88i	654193529	1.0
ZW6Z88i-repl3	ZW6Z88i	1551696916	1.0
vGaW8zV-repl1	vGaW8zV	3214767367	1.0
vGaW8zV-repl2	vGaW8zV	54376738	1.0
vGaW8zV-repl3	vGaW8zV	1823884704	1.0
4pdzcEr-repl1	4pdzcEr	2011993033	1.0
4pdzcEr-repl2	4pdzcEr	3566447151	1.0
4pdzcEr-repl3	4pdzcEr	1648829641	1.0
DhLqK7e-repl1	DhLqK7e	2547156154	1.0
DhLqK7e-repl2	DhLqK7e	1559882115	1.0
DhLqK7e-repl3	DhLqK7e	2441237060	1.0
1TK2Qn0-repl1	1TK2Qn0	977464654	1.0
1TK2Qn0-repl2	1TK2Qn0	3505378601	1.0
1TK2Qn0-repl3	1TK2Qn0	1691968549	1.0
G8vkVP8-repl1	G8vkVP8	3342738218	1.0
G8vkVP8-repl2	G8vkVP8	4136542516	1.0
G8vkVP8-repl3	G8vkVP8	255610720	1.0
tLjX7V3-repl1	tLjX7V3	3361803455	1.0
tLjX7V3-repl2	tLjX7V3	888920489	1.0
tLjX7V3-repl3	tLjX7V3	3842455453	1.0
DYz8d9k-repl1	DYz8d9k	864341894	1.0
DYz8d9k-repl2	DYz8d9k	1251019417	1.0
DYz8d9k-repl3	DYz8d9k	2197102505	1.0
v0gSvy9-repl1	v0gSvy9	250539939	1.0
v0gSvy9-repl2	v0gSvy9	1870372692	1.0
v0gSvy9-repl3	v0gSvy9	3896294604	1.0
1qwIJ9o-repl1	1qwIJ9o	367482921	1.0
1qwIJ9o-repl2	1qwIJ9o	575564348	1.0
1qwIJ9o-repl3	1qwIJ9o	1565215671	1.0
JfuYvFX-repl1	JfuYvFX	2227613851	1.0
JfuYvFX-repl2	JfuYvFX	1251757049	1.0
JfuYvFX-repl3	JfuYvFX	1599960421	1.0
hABZSUO-repl1	hABZSUO	616037622	1.0
hABZSUO-repl2	hABZSUO	1266243244	1.0
hABZSUO-repl3	hABZSUO	2063617818	1.0
zY40d3C-repl1	zY40d3C	2155835933	1.0
zY40d3C-repl2	zY40d3C	4168867018	1.0
zY40d3C-repl3	zY40d3C	853867561	1.0
WYwIYA6-repl1	WYwIYA6	2790075154	1.0
WYwIYA6-repl2	WYwIYA6	995551591	1.0
WYwIYA6-repl3	WYwIYA6	1388993220	1.0
yMnwgco-repl1	yMnwgco	4609813	1.0
yMnwgco-repl2	yMnwgco	635898583	1.0
yMnwgco-repl3	yMnwgco	3641686268	1.0
l6BkSnC-repl1	l6BkSnC	3637048280	1.0
l6BkSnC-repl2	l6BkSnC	3110580507	1.0
l6BkSnC-repl3	l6BkSnC	1161925532	1.0
Ps79vXd-repl1	Ps79vXd	3111911452	1.0
Ps79vXd-repl2	Ps79vXd	3509556327	1.0
Ps79vXd-repl3	Ps79vXd	4161326698	1.0
MX8Ysux-repl1	MX8Ysux	3684531980	1.0
MX8Ysux-repl2	MX8Ysux	1282617732	1.0
MX8Ysux-repl3	MX8Ysux	2093064700	1.0
L4hoHgR-repl1	L4hoHgR	2320436581	1.0
L4hoHgR-repl2	L4hoHgR	2273357075	1.0
L4hoHgR-repl3	L4hoHgR	506676229	1.0
KWZjZPx-repl1	KWZjZPx	2924053201	1.0
KWZjZPx-repl2	KWZjZPx	3669323960	1.0
KWZjZPx-repl3	KWZjZPx	4120727537	1.0
agJmI5j-repl1	agJmI5j	595217999	1.0
agJmI5j-repl2	agJmI5j	723169910	1.0
agJmI5j-repl3	agJmI5j	2506760503	1.0
f8lXPV0-repl1	f8lXPV0	3891439382	1.0
f8lXPV0-repl2	f8lXPV0	2920641637	1.0
f8lXPV0-repl3	f8lXPV0	3533842981	1.0
5N0sjff-repl1	5N0sjff	3554884220	1.0
5N0sjff-repl2	5N0sjff	3970068658	1.0
5N0sjff-repl3	5N0sjff	3010699585	1.0
aTIppOg-repl1	aTIppOg	877218293	1.0
aTIppOg-repl2	aTIppOg	2832174156	1.0
aTIppOg-repl3	aTIppOg	3205357301	1.0
5lQkWFA-repl1	5lQkWFA	4009508592	1.0
5lQkWFA-repl2	5lQkWFA	3163329195	1.0
5lQkWFA-repl3	5lQkWFA	1427930213	1.0
PQvvsMM-repl1	PQvvsMM	2765706124	1.0
PQvvsMM-repl2	PQvvsMM	768853295	1.0
PQvvsMM-repl3	PQvvsMM	3583452523	1.0
CVu2XdA-repl1	CVu2XdA	3992933516	1.0
CVu2XdA-repl2	CVu2XdA	2629145050	1.0
CVu2XdA-repl3	CVu2XdA	867625938	1.0
z5mQNMT-repl1	z5mQNMT	2646783669	1.0
z5mQNMT-repl2	z5mQNMT	2617486790	1.0
z5mQNMT-repl3	z5mQNMT	1531261227	1.0
JSZMDPK-repl1	JSZMDPK	859184064	1.0
JSZMDPK-repl2	JSZMDPK	4178018937	1.0
JSZMDPK-repl3	JSZMDPK	1931326574	1.0
8X7ISIg-repl1	8X7ISIg	1297503356	1.0
8X7ISIg-repl2	8X7ISIg	2808089230	1.0
8X7ISIg-repl3	8X7ISIg	653911433	1.0
uVtlUfs-repl1	uVtlUfs	3694790009	1.0
uVtlUfs-repl2	uVtlUfs	3129452958	1.0
uVtlUfs-repl3	uVtlUfs	1137801048	1.0
BpHxRBN-repl1	BpHxRBN	1016530480	1.0
BpHxRBN-repl2	BpHxRBN	3785361582	1.0
BpHxRBN-repl3	BpHxRBN	3900923668	1.0
R7TmwqF-repl1	R7TmwqF	1043093750	1.0
R7TmwqF-repl2	R7TmwqF	1574333288	1.0
R7TmwqF-repl3	R7TmwqF	1872860432	1.0
jZfuSMN-repl1	jZfuSMN	1348723129	1.0
jZfuSMN-repl2	jZfuSMN	1306589746	1.0
jZfuSMN-repl3	jZfuSMN	326892832	1.0
aDEB024-repl1	aDEB024	296331585	1.0
aDEB024-repl2	aDEB024	1354165003	1.0
aDEB024-repl3	aDEB024	4168524940	1.0
fykoERc-repl1	fykoERc	1255595273	1.0
fykoERc-repl2	fykoERc	2507366132	1.0
fykoERc-repl3	fykoERc	2167302097	1.0
j0sFHVK-repl1	j0sFHVK	3825346659	1.0
j0sFHVK-repl2	j0sFHVK	3892214546	1.0
j0sFHVK-repl3	j0sFHVK	644622508	1.0
YIHEwRR-repl1	YIHEwRR	2780582118	1.0
YIHEwRR-repl2	YIHEwRR	853950012	1.0
YIHEwRR-repl3	YIHEwRR	1658373747	1.0
kizrani-repl1	kizrani	2519627492	1.0
kizrani-repl2	kizrani	3430550794	1.0
kizrani-repl3	kizrani	4268341728	1.0
5cOi0Y7-repl1	5cOi0Y7	551855685	1.0
5cOi0Y7-repl2	5cOi0Y7	3200415772	1.0
5cOi0Y7-repl3	5cOi0Y7	1679906251	1.0
OzYRQU2-repl1	OzYRQU2	1690445620	1.0
OzYRQU2-repl2	OzYRQU2	3229131329	1.0
OzYRQU2-repl3	OzYRQU2	1343753681	1.0
xZuQccb-repl1	xZuQccb	2129235222	1.0
xZuQccb-repl2	xZuQccb	2256321575	1.0
xZuQccb-repl3	xZuQccb	4075413234	1.0
z4XQN4f-repl1	z4XQN4f	936168983	1.0
z4XQN4f-repl2	z4XQN4f	3610833350	1.0
z4XQN4f-repl3	z4XQN4f	1406797316	1.0
grFKRvN-repl1	grFKRvN	434468716	1.0
grFKRvN-repl2	grFKRvN	2975782823	1.0
grFKRvN-repl3	grFKRvN	2418692215	1.0
QNccY3d-repl1	QNccY3d	427499009	1.0
QNccY3d-repl2	QNccY3d	1758430357	1.0
QNccY3d-repl3	QNccY3d	1431019191	1.0
2PwjnZx-repl1	2PwjnZx	3058905405	1.0
2PwjnZx-repl2	2PwjnZx	3796622211	1.0
2PwjnZx-repl3	2PwjnZx	3660484966	1.0
BjZIYAG-repl1	BjZIYAG	858681628	1.0
BjZIYAG-repl2	BjZIYAG	368761466	1.0
BjZIYAG-repl3	BjZIYAG	43374674	1.0
Zt2Gngq-repl1	Zt2Gngq	3743953266	1.0
Zt2Gngq-repl2	Zt2Gngq	4764311	1.0
Zt2Gngq-repl3	Zt2Gngq	4164930348	1.0
ygkYILQ-repl1	ygkYILQ	2682111229	1.0
ygkYILQ-repl2	ygkYILQ	3509836066	1.0
ygkYILQ-repl3	ygkYILQ	4268923987	1.0
abqevKw-repl1	abqevKw	4118924634	1.0
abqevKw-repl2	abqevKw	3461747047	1.0
abqevKw-repl3	abqevKw	2028919963	1.0
urQbGRt-repl1	urQbGRt	1220370291	1.0
urQbGRt-repl2	urQbGRt	3678231264	1.0
urQbGRt-repl3	urQbGRt	2386344892	1.0
MDHkPLK-repl1	MDHkPLK	1817158408	1.0
MDHkPLK-repl2	MDHkPLK	3418399775	1.0
MDHkPLK-repl3	MDHkPLK	2243543871	1.0
tzc0CbH-repl1	tzc0CbH	4255248518	1.0
tzc0CbH-repl2	tzc0CbH	3007536452	1.0
tzc0CbH-repl3	tzc0CbH	88952409	1.0
3DnTAmY-repl1	3DnTAmY	1512170085	1.0
3DnTAmY-repl2	3DnTAmY	302216513	1.0
3DnTAmY-repl3	3DnTAmY	3738378403	1.0
fQBP4vt-repl1	fQBP4vt	2491355283	1.0
fQBP4vt-repl2	fQBP4vt	25182734	1.0
fQBP4vt-repl3	fQBP4vt	3153954180	1.0
hS7MOEy-repl1	hS7MOEy	3105799332	1.0
hS7MOEy-repl2	hS7MOEy	1056784643	1.0
hS7MOEy-repl3	hS7MOEy	1852696155	1.0
6ER5Shq-repl1	6ER5Shq	2410276377	1.0
6ER5Shq-repl2	6ER5Shq	216465469	1.0
6ER5Shq-repl3	6ER5Shq	375236203	1.0
e5OKOEa-repl1	e5OKOEa	2380380874	1.0
e5OKOEa-repl2	e5OKOEa	561134821	1.0
e5OKOEa-repl3	e5OKOEa	1034882927	1.0
vHiyGey-repl1	vHiyGey	803193504	1.0
vHiyGey-repl2	vHiyGey	3466375934	1.0
vHiyGey-repl3	vHiyGey	4209714229	1.0
n3FmbU8-repl1	n3FmbU8	386993221	1.0
n3FmbU8-repl2	n3FmbU8	360230781	1.0
n3FmbU8-repl3	n3FmbU8	2185454699	1.0
nCOpF7S-repl1	nCOpF7S	3744930454	1.0
nCOpF7S-repl2	nCOpF7S	2177481169	1.0
nCOpF7S-repl3	nCOpF7S	3811065270	1.0
Sco1OhY-repl1	Sco1OhY	4086354012	1.0
Sco1OhY-repl2	Sco1OhY	3300857735	1.0
Sco1OhY-repl3	Sco1OhY	1422755342	1.0
fQ6cWmt-repl1	fQ6cWmt	1051881485	1.0
fQ6cWmt-repl2	fQ6cWmt	3877256921	1.0
fQ6cWmt-repl3	fQ6cWmt	3885122767	1.0
ZaDE4Bg-repl1	ZaDE4Bg	1605244222	1.0
ZaDE4Bg-repl2	ZaDE4Bg	2769098660	1.0
ZaDE4Bg-repl3	ZaDE4Bg	3082289437	1.0
iQzuXXU-repl1	iQzuXXU	2687366698	1.0
iQzuXXU-repl2	iQzuXXU	441789623	1.0
iQzuXXU-repl3	iQzuXXU	1172341446	1.0
nP1lYo8-repl1	nP1lYo8	1697192238	1.0
nP1lYo8-repl2	nP1lYo8	2959022583	1.0
nP1lYo8-repl3	nP1lYo8	571052242	1.0
R28enep-repl1	R28enep	3425047820	1.0
R28enep-repl2	R28enep	3180866117	1.0
R28enep-repl3	R28enep	1784788021	1.0
dy2SMiT-repl1	dy2SMiT	2821607004	1.0
dy2SMiT-repl2	dy2SMiT	4125964997	1.0
dy2SMiT-repl3	dy2SMiT	3999740796	1.0
TIh0EKP-repl1	TIh0EKP	3744820454	1.0
TIh0EKP-repl2	TIh0EKP	3559465369	1.0
TIh0EKP-repl3	TIh0EKP	3363672075	1.0
rZQEBWU-repl1	rZQEBWU	1990453969	1.0
rZQEBWU-repl2	rZQEBWU	4263439355	1.0
rZQEBWU-repl3	rZQEBWU	2473718122	1.0
pmaUo3d-repl1	pmaUo3d	3468734655	1.0
pmaUo3d-repl2	pmaUo3d	1267110030	1.0
pmaUo3d-repl3	pmaUo3d	1345595489	1.0
iA3mtWl-repl1	iA3mtWl	2800547671	1.0
iA3mtWl-repl2	iA3mtWl	277322750	1.0
iA3mtWl-repl3	iA3mtWl	2223470700	1.0
WPa4Rsu-repl1	WPa4Rsu	4164954917	1.0
WPa4Rsu-repl2	WPa4Rsu	3171265937	1.0
WPa4Rsu-repl3	WPa4Rsu	2407520539	1.0
FZE3AID-repl1	FZE3AID	321994528	1.0
FZE3AID-repl2	FZE3AID	1523490962	1.0
FZE3AID-repl3	FZE3AID	1450181605	1.0
vVPiLyH-repl1	vVPiLyH	882367457	1.0
vVPiLyH-repl2	vVPiLyH	2304071615	1.0
vVPiLyH-repl3	vVPiLyH	3183179763	1.0
IBrQP4c-repl1	IBrQP4c	1571943185	1.0
IBrQP4c-repl2	IBrQP4c	2664477009	1.0
IBrQP4c-repl3	IBrQP4c	2083301831	1.0
OmRVaYG-repl1	OmRVaYG	107246554	1.0
OmRVaYG-repl2	OmRVaYG	2620766299	1.0
OmRVaYG-repl3	OmRVaYG	3858483449	1.0
qY79jYb-repl1	qY79jYb	110870619	1.0
qY79jYb-repl2	qY79jYb	4176173138	1.0
qY79jYb-repl3	qY79jYb	1548014875	1.0
2BEWtlx-repl1	2BEWtlx	1912760042	1.0
2BEWtlx-repl2	2BEWtlx	3848597338	1.0
2BEWtlx-repl3	2BEWtlx	334072114	1.0
QePejWg-repl1	QePejWg	2548926221	1.0
QePejWg-repl2	QePejWg	1465517227	1.0
QePejWg-repl3	QePejWg	3907099	1.0
ofJwXJA-repl1	ofJwXJA	4207798414	1.0
ofJwXJA-repl2	ofJwXJA	873962827	1.0
ofJwXJA-repl3	ofJwXJA	343941550	1.0
Bvm8w3z-repl1	Bvm8w3z	3941185298	1.0
Bvm8w3z-repl2	Bvm8w3z	3327245106	1.0
Bvm8w3z-repl3	Bvm8w3z	2822875871	1.0
no0syQN-repl1	no0syQN	3609597083	1.0
no0syQN-repl2	no0syQN	61414277	1.0
no0syQN-repl3	no0syQN	3193838060	1.0
BhjWoij-repl1	BhjWoij	969253306	1.0
BhjWoij-repl2	BhjWoij	1182911805	1.0
BhjWoij-repl3	BhjWoij	2620686647	1.0
FmQo4Af-repl1	FmQo4Af	1590484954	1.0
FmQo4Af-repl2	FmQo4Af	3795708575	1.0
FmQo4Af-repl3	FmQo4Af	3612229838	1.0
TAgTHUC-repl1	TAgTHUC	761433894	1.0
TAgTHUC-repl2	TAgTHUC	994562105	1.0
TAgTHUC-repl3	TAgTHUC	2701613206	1.0
lyAyOVb-repl1	lyAyOVb	992551062	1.0
lyAyOVb-repl2	lyAyOVb	3016816021	1.0
lyAyOVb-repl3	lyAyOVb	1580066715	1.0
H1jouRv-repl1	H1jouRv	3535111404	1.0
H1jouRv-repl2	H1jouRv	7286358	1.0
H1jouRv-repl3	H1jouRv	2351503620	1.0
jwfzbds-repl1	jwfzbds	727698086	1.0
jwfzbds-repl2	jwfzbds	3333365073	1.0
jwfzbds-repl3	jwfzbds	1412435677	1.0
N4M3BWd-repl1	N4M3BWd	631521303	1.0
N4M3BWd-repl2	N4M3BWd	1999685025	1.0
N4M3BWd-repl3	N4M3BWd	943470649	1.0
sVCpj0M-repl1	sVCpj0M	3673124304	1.0
sVCpj0M-repl2	sVCpj0M	1660610657	1.0
sVCpj0M-repl3	sVCpj0M	646906738	1.0
r6GgzN6-repl1	r6GgzN6	4285582707	1.0
r6GgzN6-repl2	r6GgzN6	2087122372	1.0
r6GgzN6-repl3	r6GgzN6	1110507598	1.0
IRNex5x-repl1	IRNex5x	2746511883	1.0
IRNex5x-repl2	IRNex5x	3642638223	1.0
IRNex5x-repl3	IRNex5x	489946396	1.0
GZF3TeZ-repl1	GZF3TeZ	4273503929	1.0
GZF3TeZ-repl2	GZF3TeZ	4274128067	1.0
GZF3TeZ-repl3	GZF3TeZ	3814162941	1.0
4ASgDQB-repl1	4ASgDQB	189241379	1.0
4ASgDQB-repl2	4ASgDQB	2152924761	1.0
4ASgDQB-repl3	4ASgDQB	1743205630	1.0
9mmmEZy-repl1	9mmmEZy	3260697387	1.0
9mmmEZy-repl2	9mmmEZy	2931604274	1.0
9mmmEZy-repl3	9mmmEZy	670635475	1.0
OmfACRP-repl1	OmfACRP	3974347429	1.0
OmfACRP-repl2	OmfACRP	575128952	1.0
OmfACRP-repl3	OmfACRP	3600860063	1.0
d3g7oLs-repl1	d3g7oLs	898955457	1.0
d3g7oLs-repl2	d3g7oLs	4046864680	1.0
d3g7oLs-repl3	d3g7oLs	3541827646	1.0
GSZ4B0m-repl1	GSZ4B0m	4209028494	1.0
GSZ4B0m-repl2	GSZ4B0m	3799929310	1.0
GSZ4B0m-repl3	GSZ4B0m	3054659536	1.0
r58lWWi-repl1	r58lWWi	1044471280	1.0
r58lWWi-repl2	r58lWWi	2988997190	1.0
r58lWWi-repl3	r58lWWi	3828884855	1.0
bzK4y71-repl1	bzK4y71	1964833622	1.0
bzK4y71-repl2	bzK4y71	3556052176	1.0
bzK4y71-repl3	bzK4y71	1492873706	1.0
ELlckCE-repl1	ELlckCE	1383456067	1.0
ELlckCE-repl2	ELlckCE	662770446	1.0
ELlckCE-repl3	ELlckCE	401930314	1.0
KwYbjfe-repl1	KwYbjfe	1049656619	1.0
KwYbjfe-repl2	KwYbjfe	353524301	1.0
KwYbjfe-repl3	KwYbjfe	3612007977	1.0
QAUIbRe-repl1	QAUIbRe	3659157965	1.0
QAUIbRe-repl2	QAUIbRe	1204410991	1.0
QAUIbRe-repl3	QAUIbRe	3640663712	1.0
vxa5csJ-repl1	vxa5csJ	1917263338	1.0
vxa5csJ-repl2	vxa5csJ	57981229	1.0
vxa5csJ-repl3	vxa5csJ	1017926539	1.0
CZZJCUr-repl1	CZZJCUr	3239600613	1.0
CZZJCUr-repl2	CZZJCUr	3020489997	1.0
CZZJCUr-repl3	CZZJCUr	49062330	1.0
r6wfpWN-repl1	r6wfpWN	2033056824	1.0
r6wfpWN-repl2	r6wfpWN	3182703528	1.0
r6wfpWN-repl3	r6wfpWN	2405266585	1.0
eJ6pdAg-repl1	eJ6pdAg	392845919	1.0
eJ6pdAg-repl2	eJ6pdAg	3091398487	1.0
eJ6pdAg-repl3	eJ6pdAg	2648965951	1.0
SvhOaGI-repl1	SvhOaGI	3896073421	1.0
SvhOaGI-repl2	SvhOaGI	1734940277	1.0
SvhOaGI-repl3	SvhOaGI	2555074848	1.0
ISGj6c5-repl1	ISGj6c5	2576880169	1.0
ISGj6c5-repl2	ISGj6c5	2256502175	1.0
ISGj6c5-repl3	ISGj6c5	4238464409	1.0
umNKntT-repl1	umNKntT	1245768643	1.0
umNKntT-repl2	umNKntT	3852544246	1.0
umNKntT-repl3	umNKntT	1807268218	1.0
lDPlOSv-repl1	lDPlOSv	1650807045	1.0
lDPlOSv-repl2	lDPlOSv	443069231	1.0
lDPlOSv-repl3	lDPlOSv	1638736884	1.0
wmv4yBp-repl1	wmv4yBp	594348113	1.0
wmv4yBp-repl2	wmv4yBp	1810191293	1.0
wmv4yBp-repl3	wmv4yBp	2924424956	1.0
bg6kX7K-repl1	bg6kX7K	1652420541	1.0
bg6kX7K-repl2	bg6kX7K	4062317824	1.0
bg6kX7K-repl3	bg6kX7K	2837980220	1.0
ldaqeML-repl1	ldaqeML	3236532319	1.0
ldaqeML-repl2	ldaqeML	2086672016	1.0
ldaqeML-repl3	ldaqeML	1399378029	1.0
qXNz073-repl1	qXNz073	1714020425	1.0
qXNz073-repl2	qXNz073	1544629782	1.0
qXNz073-repl3	qXNz073	3204849610	1.0
gOB5EV3-repl1	gOB5EV3	688139438	1.0
gOB5EV3-repl2	gOB5EV3	441618174	1.0
gOB5EV3-repl3	gOB5EV3	2808640308	1.0
ZPZoWCD-repl1	ZPZoWCD	1957304082	1.0
ZPZoWCD-repl2	ZPZoWCD	3904147595	1.0
ZPZoWCD-repl3	ZPZoWCD	1004632224	1.0
CLlElGB-repl1	CLlElGB	593594081	1.0
CLlElGB-repl2	CLlElGB	1127046179	1.0
CLlElGB-repl3	CLlElGB	1731706330	1.0
G5glXh5-repl1	G5glXh5	2468778323	1.0
G5glXh5-repl2	G5glXh5	3986040116	1.0
G5glXh5-repl3	G5glXh5	4014441286	1.0
Nw37807-repl1	Nw37807	1405503447	1.0
Nw37807-repl2	Nw37807	3550796593	1.0
Nw37807-repl3	Nw37807	955618605	1.0
wqMJZd3-repl1	wqMJZd3	154049741	1.0
wqMJZd3-repl2	wqMJZd3	2044140297	1.0
wqMJZd3-repl3	wqMJZd3	3186024846	1.0
tfLSN79-repl1	tfLSN79	2735374944	1.0
tfLSN79-repl2	tfLSN79	1754454608	1.0
tfLSN79-repl3	tfLSN79	1301650820	1.0
0lYKw8v-repl1	0lYKw8v	1251361248	1.0
0lYKw8v-repl2	0lYKw8v	3008826484	1.0
0lYKw8v-repl3	0lYKw8v	2101454682	1.0
XbKnJq6-repl1	XbKnJq6	2110115335	1.0
XbKnJq6-repl2	XbKnJq6	3019711035	1.0
XbKnJq6-repl3	XbKnJq6	92211274	1.0
RsXcrOL-repl1	RsXcrOL	379265724	1.0
RsXcrOL-repl2	RsXcrOL	2061178956	1.0
RsXcrOL-repl3	RsXcrOL	3705722612	1.0
6AYI0Sj-repl1	6AYI0Sj	983998526	1.0
6AYI0Sj-repl2	6AYI0Sj	2387423773	1.0
6AYI0Sj-repl3	6AYI0Sj	3090237304	1.0
y9dwE5G-repl1	y9dwE5G	787785079	1.0
y9dwE5G-repl2	y9dwE5G	2313018089	1.0
y9dwE5G-repl3	y9dwE5G	1775616015	1.0
qUUGI4L-repl1	qUUGI4L	3520705693	1.0
qUUGI4L-repl2	qUUGI4L	2756455861	1.0
qUUGI4L-repl3	qUUGI4L	3837603965	1.0
uRQSBDV-repl1	uRQSBDV	1346265071	1.0
uRQSBDV-repl2	uRQSBDV	658988551	1.0
uRQSBDV-repl3	uRQSBDV	925162904	1.0
9jzFPSt-repl1	9jzFPSt	2648258204	1.0
9jzFPSt-repl2	9jzFPSt	3921908223	1.0
9jzFPSt-repl3	9jzFPSt	3758392921	1.0
GSSBNDU-repl1	GSSBNDU	2832640359	1.0
GSSBNDU-repl2	GSSBNDU	845575401	1.0
GSSBNDU-repl3	GSSBNDU	2708823171	1.0
OrXDR0T-repl1	OrXDR0T	856078961	1.0
OrXDR0T-repl2	OrXDR0T	2739178788	1.0
OrXDR0T-repl3	OrXDR0T	3048156470	1.0
86dMiWH-repl1	86dMiWH	1706808745	1.0
86dMiWH-repl2	86dMiWH	1628793755	1.0
86dMiWH-repl3	86dMiWH	2372196486	1.0
Um28bAE-repl1	Um28bAE	3633661555	1.0
Um28bAE-repl2	Um28bAE	711265360	1.0
Um28bAE-repl3	Um28bAE	317362921	1.0
qNoJoiL-repl1	qNoJoiL	920517689	1.0
qNoJoiL-repl2	qNoJoiL	2557741889	1.0
qNoJoiL-repl3	qNoJoiL	1516937364	1.0
P3RQsML-repl1	P3RQsML	1070280851	1.0
P3RQsML-repl2	P3RQsML	1913877106	1.0
P3RQsML-repl3	P3RQsML	3398545735	1.0
KqNAEtv-repl1	KqNAEtv	3820989682	1.0
KqNAEtv-repl2	KqNAEtv	1885788101	1.0
KqNAEtv-repl3	KqNAEtv	1373264237	1.0
81FmYuu-repl1	81FmYuu	2464342654	1.0
81FmYuu-repl2	81FmYuu	1401165427	1.0
81FmYuu-repl3	81FmYuu	2212319452	1.0
KJQyQnq-repl1	KJQyQnq	3645977153	1.0
KJQyQnq-repl2	KJQyQnq	475379815	1.0
KJQyQnq-repl3	KJQyQnq	3700087193	1.0
xttZQX3-repl1	xttZQX3	1693448009	1.0
xttZQX3-repl2	xttZQX3	2101738768	1.0
xttZQX3-repl3	xttZQX3	4115435536	1.0
VNH0ygO-repl1	VNH0ygO	1267958102	1.0
VNH0ygO-repl2	VNH0ygO	3187201076	1.0
VNH0ygO-repl3	VNH0ygO	84017925	1.0
5HPebj5-repl1	5HPebj5	1663129788	1.0
5HPebj5-repl2	5HPebj5	4213918975	1.0
5HPebj5-repl3	5HPebj5	3590864119	1.0
D19qxhg-repl1	D19qxhg	1093429582	1.0
D19qxhg-repl2	D19qxhg	4172517204	1.0
D19qxhg-repl3	D19qxhg	2968292189	1.0
ZRHD22e-repl1	ZRHD22e	3757959124	1.0
ZRHD22e-repl2	ZRHD22e	1263636725	1.0
ZRHD22e-repl3	ZRHD22e	3172156555	1.0
nxbpQhj-repl1	nxbpQhj	4088400272	1.0
nxbpQhj-repl2	nxbpQhj	1559680605	1.0
nxbpQhj-repl3	nxbpQhj	3700890797	1.0
8MPLoIq-repl1	8MPLoIq	2118987985	1.0
8MPLoIq-repl2	8MPLoIq	3478259762	1.0
8MPLoIq-repl3	8MPLoIq	2351145080	1.0
aRh0odB-repl1	aRh0odB	3369864968	1.0
aRh0odB-repl2	aRh0odB	4135910703	1.0
aRh0odB-repl3	aRh0odB	1367336335	1.0
iV0UoZr-repl1	iV0UoZr	1881989365	1.0
iV0UoZr-repl2	iV0UoZr	1322597906	1.0
iV0UoZr-repl3	iV0UoZr	2164272951	1.0
mjnAKfd-repl1	mjnAKfd	2540115265	1.0
mjnAKfd-repl2	mjnAKfd	4116054012	1.0
mjnAKfd-repl3	mjnAKfd	1910095201	1.0
lVzxY2E-repl1	lVzxY2E	2535359189	1.0
lVzxY2E-repl2	lVzxY2E	4146914958	1.0
lVzxY2E-repl3	lVzxY2E	1562397837	1.0
dt7qbIk-repl1	dt7qbIk	1522443111	1.0
dt7qbIk-repl2	dt7qbIk	3791860895	1.0
dt7qbIk-repl3	dt7qbIk	2698313951	1.0
gHwYWx4-repl1	gHwYWx4	651163130	1.0
gHwYWx4-repl2	gHwYWx4	1422104729	1.0
gHwYWx4-repl3	gHwYWx4	692514904	1.0
pqG4OSd-repl1	pqG4OSd	3690041310	1.0
pqG4OSd-repl2	pqG4OSd	2055270572	1.0
pqG4OSd-repl3	pqG4OSd	1506632383	1.0
umfDGjh-repl1	umfDGjh	3527926891	1.0
umfDGjh-repl2	umfDGjh	3404641974	1.0
umfDGjh-repl3	umfDGjh	1537298986	1.0
uHU0qTe-repl1	uHU0qTe	2870526591	1.0
uHU0qTe-repl2	uHU0qTe	2756793976	1.0
uHU0qTe-repl3	uHU0qTe	899309366	1.0
DDO9krt-repl1	DDO9krt	4274185918	1.0
DDO9krt-repl2	DDO9krt	2623346311	1.0
DDO9krt-repl3	DDO9krt	3104487950	1.0
faIDuhV-repl1	faIDuhV	2519437877	1.0
faIDuhV-repl2	faIDuhV	3671048025	1.0
faIDuhV-repl3	faIDuhV	3856873683	1.0
hxryAPk-repl1	hxryAPk	3295313123	1.0
hxryAPk-repl2	hxryAPk	3224151961	1.0
hxryAPk-repl3	hxryAPk	3158089721	1.0
6LOgo12-repl1	6LOgo12	1679178848	1.0
6LOgo12-repl2	6LOgo12	1522474166	1.0
6LOgo12-repl3	6LOgo12	614605172	1.0
k2fzxkE-repl1	k2fzxkE	723465247	1.0
k2fzxkE-repl2	k2fzxkE	3652533309	1.0
k2fzxkE-repl3	k2fzxkE	1167020614	1.0
4iFcXiI-repl1	4iFcXiI	777364665	1.0
4iFcXiI-repl2	4iFcXiI	3821294589	1.0
4iFcXiI-repl3	4iFcXiI	498119531	1.0
m1iGHOh-repl1	m1iGHOh	2186640089	1.0
m1iGHOh-repl2	m1iGHOh	1736594740	1.0
m1iGHOh-repl3	m1iGHOh	1261545106	1.0
Qk8uKJK-repl1	Qk8uKJK	2757269245	1.0
Qk8uKJK-repl2	Qk8uKJK	1025072259	1.0
Qk8uKJK-repl3	Qk8uKJK	1227276186	1.0
L6QmjBR-repl1	L6QmjBR	712338045	1.0
L6QmjBR-repl2	L6QmjBR	914060803	1.0
L6QmjBR-repl3	L6QmjBR	3025447700	1.0
IyiMdwN-repl1	IyiMdwN	2162920868	1.0
IyiMdwN-repl2	IyiMdwN	560053085	1.0
IyiMdwN-repl3	IyiMdwN	1060425438	1.0
1CghVNb-repl1	1CghVNb	2404431682	1.0
1CghVNb-repl2	1CghVNb	4077721574	1.0
1CghVNb-repl3	1CghVNb	1043487543	1.0
yb64Ejc-repl1	yb64Ejc	3642932787	1.0
yb64Ejc-repl2	yb64Ejc	2741226306	1.0
yb64Ejc-repl3	yb64Ejc	3871870617	1.0
qDgZaCf-repl1	qDgZaCf	1315201673	1.0
qDgZaCf-repl2	qDgZaCf	2342654114	1.0
qDgZaCf-repl3	qDgZaCf	3116019497	1.0
Zv1jooj-repl1	Zv1jooj	3749854169	1.0
Zv1jooj-repl2	Zv1jooj	2903953469	1.0
Zv1jooj-repl3	Zv1jooj	941601459	1.0
mXsG0Ts-repl1	mXsG0Ts	400963069	1.0
mXsG0Ts-repl2	mXsG0Ts	4276583447	1.0
mXsG0Ts-repl3	mXsG0Ts	4065552011	1.0
60kIwWv-repl1	60kIwWv	2478172542	1.0
60kIwWv-repl2	60kIwWv	170893837	1.0
60kIwWv-repl3	60kIwWv	33940992	1.0
ZQAVmvW-repl1	ZQAVmvW	945138493	1.0
ZQAVmvW-repl2	ZQAVmvW	647708817	1.0
ZQAVmvW-repl3	ZQAVmvW	1957382947	1.0
jGCXubk-repl1	jGCXubk	1581373991	1.0
jGCXubk-repl2	jGCXubk	1890893752	1.0
jGCXubk-repl3	jGCXubk	2077786616	1.0
vkgLv6N-repl1	vkgLv6N	3745506636	1.0
vkgLv6N-repl2	vkgLv6N	3242990870	1.0
vkgLv6N-repl3	vkgLv6N	1754059273	1.0
74hDmrV-repl1	74hDmrV	3478775682	1.0
74hDmrV-repl2	74hDmrV	3534545634	1.0
74hDmrV-repl3	74hDmrV	1877595222	1.0
bwy4PiB-repl1	bwy4PiB	2988389740	1.0
bwy4PiB-repl2	bwy4PiB	419177075	1.0
bwy4PiB-repl3	bwy4PiB	1305605577	1.0
DbtJP29-repl1	DbtJP29	294350787	1.0
DbtJP29-repl2	DbtJP29	535133946	1.0
DbtJP29-repl3	DbtJP29	2997912971	1.0
dxA9N6E-repl1	dxA9N6E	1924415454	1.0
dxA9N6E-repl2	dxA9N6E	3063829243	1.0
dxA9N6E-repl3	dxA9N6E	1847120102	1.0
HoS3klq-repl1	HoS3klq	342702631	1.0
HoS3klq-repl2	HoS3klq	1111727608	1.0
HoS3klq-repl3	HoS3klq	280122437	1.0
3CeupNF-repl1	3CeupNF	2260425376	1.0
3CeupNF-repl2	3CeupNF	2741196881	1.0
3CeupNF-repl3	3CeupNF	692541329	1.0
pvoePRm-repl1	pvoePRm	3669151669	1.0
pvoePRm-repl2	pvoePRm	4200721121	1.0
pvoePRm-repl3	pvoePRm	1182738418	1.0
1Lw0Wvd-repl1	1Lw0Wvd	2894514813	1.0
1Lw0Wvd-repl2	1Lw0Wvd	2149032232	1.0
1Lw0Wvd-repl3	1Lw0Wvd	397711226	1.0
DYvhycE-repl1	DYvhycE	3301710249	1.0
DYvhycE-repl2	DYvhycE	1934608653	1.0
DYvhycE-repl3	DYvhycE	2544932375	1.0
LIDCSvx-repl1	LIDCSvx	1917658140	1.0
LIDCSvx-repl2	LIDCSvx	3636589329	1.0
LIDCSvx-repl3	LIDCSvx	1825860124	1.0
OnqBLe6-repl1	OnqBLe6	1571125692	1.0
OnqBLe6-repl2	OnqBLe6	3440084649	1.0
OnqBLe6-repl3	OnqBLe6	1054491215	1.0
qZPHc4x-repl1	qZPHc4x	3065357639	1.0
qZPHc4x-repl2	qZPHc4x	4056662035	1.0
qZPHc4x-repl3	qZPHc4x	41713633	1.0
1k4dGOT-repl1	1k4dGOT	3497465297	1.0
1k4dGOT-repl2	1k4dGOT	1753596753	1.0
1k4dGOT-repl3	1k4dGOT	2081594379	1.0
vYHjFnj-repl1	vYHjFnj	2628770387	1.0
vYHjFnj-repl2	vYHjFnj	110410116	1.0
vYHjFnj-repl3	vYHjFnj	800595784	1.0
hAimxYV-repl1	hAimxYV	4257633960	1.0
hAimxYV-repl2	hAimxYV	2508226644	1.0
hAimxYV-repl3	hAimxYV	1711301741	1.0
StGrkQ5-repl1	StGrkQ5	1551494992	1.0
StGrkQ5-repl2	StGrkQ5	4153230790	1.0
StGrkQ5-repl3	StGrkQ5	3809281351	1.0
67ysjov-repl1	67ysjov	943336037	1.0
67ysjov-repl2	67ysjov	2829313975	1.0
67ysjov-repl3	67ysjov	718892067	1.0
fZrGJqK-repl1	fZrGJqK	2677939651	1.0
fZrGJqK-repl2	fZrGJqK	1198882949	1.0
fZrGJqK-repl3	fZrGJqK	3897166589	1.0
Bi0aOaQ-repl1	Bi0aOaQ	903095623	1.0
Bi0aOaQ-repl2	Bi0aOaQ	1194344815	1.0
Bi0aOaQ-repl3	Bi0aOaQ	2071965243	1.0
Xao6BmX-repl1	Xao6BmX	274754279	1.0
Xao6BmX-repl2	Xao6BmX	1561631227	1.0
Xao6BmX-repl3	Xao6BmX	2742322396	1.0
ONBDU9T-repl1	ONBDU9T	1478746028	1.0
ONBDU9T-repl2	ONBDU9T	148789760	1.0
ONBDU9T-repl3	ONBDU9T	4216612389	1.0
ag52vxJ-repl1	ag52vxJ	3078995736	1.0
ag52vxJ-repl2	ag52vxJ	536898155	1.0
ag52vxJ-repl3	ag52vxJ	3731655369	1.0
YbEnQ8K-repl1	YbEnQ8K	3935839055	1.0
YbEnQ8K-repl2	YbEnQ8K	1651923541	1.0
YbEnQ8K-repl3	YbEnQ8K	3694683546	1.0
4fvHPPG-repl1	4fvHPPG	1834585097	1.0
4fvHPPG-repl2	4fvHPPG	2269004108	1.0
4fvHPPG-repl3	4fvHPPG	888091572	1.0
bWuJRWz-repl1	bWuJRWz	890953358	1.0
bWuJRWz-repl2	bWuJRWz	881345825	1.0
bWuJRWz-repl3	bWuJRWz	3448438170	1.0
tUMU1Yv-repl1	tUMU1Yv	1914044484	1.0
tUMU1Yv-repl2	tUMU1Yv	1130658556	1.0
tUMU1Yv-repl3	tUMU1Yv	1530141322	1.0
809QD7r-repl1	809QD7r	2091091639	1.0
809QD7r-repl2	809QD7r	1301649974	1.0
809QD7r-repl3	809QD7r	733581847	1.0
ulfciFf-repl1	ulfciFf	838937982	1.0
ulfciFf-repl2	ulfciFf	1375555031	1.0
ulfciFf-repl3	ulfciFf	1427611470	1.0
IgLtywv-repl1	IgLtywv	1447620977	1.0
IgLtywv-repl2	IgLtywv	1192131646	1.0
IgLtywv-repl3	IgLtywv	2388034104	1.0
Zf8UAx8-repl1	Zf8UAx8	657497526	1.0
Zf8UAx8-repl2	Zf8UAx8	758145639	1.0
Zf8UAx8-repl3	Zf8UAx8	1852421664	1.0
BH98BBI-repl1	BH98BBI	558252262	1.0
BH98BBI-repl2	BH98BBI	3977035551	1.0
BH98BBI-repl3	BH98BBI	3522862910	1.0
E1ypXJA-repl1	E1ypXJA	3078038445	1.0
E1ypXJA-repl2	E1ypXJA	393556756	1.0
E1ypXJA-repl3	E1ypXJA	3454379685	1.0
DASOsKY-repl1	DASOsKY	1906402298	1.0
DASOsKY-repl2	DASOsKY	4055484760	1.0
DASOsKY-repl3	DASOsKY	1494318926	1.0
KZROaZ2-repl1	KZROaZ2	3395251912	1.0
KZROaZ2-repl2	KZROaZ2	2949235434	1.0
KZROaZ2-repl3	KZROaZ2	3025630370	1.0
5EHYncz-repl1	5EHYncz	3978238054	1.0
5EHYncz-repl2	5EHYncz	2249924886	1.0
5EHYncz-repl3	5EHYncz	2970425228	1.0
dxun0dd-repl1	dxun0dd	1658761531	1.0
dxun0dd-repl2	dxun0dd	4064747758	1.0
dxun0dd-repl3	dxun0dd	1917466994	1.0
VIpwuGv-repl1	VIpwuGv	3995067589	1.0
VIpwuGv-repl2	VIpwuGv	2385684368	1.0
VIpwuGv-repl3	VIpwuGv	3508997959	1.0
8ElIZFw-repl1	8ElIZFw	219090165	1.0
8ElIZFw-repl2	8ElIZFw	2904860586	1.0
8ElIZFw-repl3	8ElIZFw	528581583	1.0
a76pAAn-repl1	a76pAAn	3882970306	1.0
a76pAAn-repl2	a76pAAn	1772662191	1.0
a76pAAn-repl3	a76pAAn	4223233723	1.0
6fwtUDW-repl1	6fwtUDW	1639129148	1.0
6fwtUDW-repl2	6fwtUDW	786549245	1.0
6fwtUDW-repl3	6fwtUDW	91080820	1.0
AnO6r5T-repl1	AnO6r5T	989991148	1.0
AnO6r5T-repl2	AnO6r5T	637484366	1.0
AnO6r5T-repl3	AnO6r5T	3996035061	1.0
1O3At8q-repl1	1O3At8q	3374854862	1.0
1O3At8q-repl2	1O3At8q	505084260	1.0
1O3At8q-repl3	1O3At8q	771646053	1.0
XQc3SV1-repl1	XQc3SV1	2393978168	1.0
XQc3SV1-repl2	XQc3SV1	2954664304	1.0
XQc3SV1-repl3	XQc3SV1	3314700613	1.0
QAFpAI4-repl1	QAFpAI4	531487160	1.0
QAFpAI4-repl2	QAFpAI4	1724550430	1.0
QAFpAI4-repl3	QAFpAI4	2007222976	1.0
a2MW6bG-repl1	a2MW6bG	1842135547	1.0
a2MW6bG-repl2	a2MW6bG	3734444519	1.0
a2MW6bG-repl3	a2MW6bG	2760738240	1.0
8vIJY6V-repl1	8vIJY6V	602492593	1.0
8vIJY6V-repl2	8vIJY6V	2036672990	1.0
8vIJY6V-repl3	8vIJY6V	3643365247	1.0
y91ASDc-repl1	y91ASDc	3163681053	1.0
y91ASDc-repl2	y91ASDc	3123003322	1.0
y91ASDc-repl3	y91ASDc	1667795027	1.0
pxYrDut-repl1	pxYrDut	4216384869	1.0
pxYrDut-repl2	pxYrDut	3455889369	1.0
pxYrDut-repl3	pxYrDut	1576022070	1.0
CMbnIOl-repl1	CMbnIOl	3503647642	1.0
CMbnIOl-repl2	CMbnIOl	4274404871	1.0
CMbnIOl-repl3	CMbnIOl	72814403	1.0
AIsAvnk-repl1	AIsAvnk	1793846795	1.0
AIsAvnk-repl2	AIsAvnk	3929822668	1.0
AIsAvnk-repl3	AIsAvnk	3914081207	1.0
MmOMsC5-repl1	MmOMsC5	1490051537	1.0
MmOMsC5-repl2	MmOMsC5	3006641909	1.0
MmOMsC5-repl3	MmOMsC5	1246857908	1.0
Id9Pbtw-repl1	Id9Pbtw	1395998840	1.0
Id9Pbtw-repl2	Id9Pbtw	931248033	1.0
Id9Pbtw-repl3	Id9Pbtw	75482623	1.0
a8sC2NY-repl1	a8sC2NY	3804981166	1.0
a8sC2NY-repl2	a8sC2NY	2884193170	1.0
a8sC2NY-repl3	a8sC2NY	424740956	1.0
wZi0KAn-repl1	wZi0KAn	416873415	1.0
wZi0KAn-repl2	wZi0KAn	3194154727	1.0
wZi0KAn-repl3	wZi0KAn	2588753165	1.0
GHgxBiR-repl1	GHgxBiR	94386324	1.0
GHgxBiR-repl2	GHgxBiR	3634403755	1.0
GHgxBiR-repl3	GHgxBiR	1150464725	1.0
BxNOuxk-repl1	BxNOuxk	1515312084	1.0
BxNOuxk-repl2	BxNOuxk	1621090155	1.0
BxNOuxk-repl3	BxNOuxk	1473418167	1.0
IY6NckO-repl1	IY6NckO	1656981795	1.0
IY6NckO-repl2	IY6NckO	325706641	1.0
IY6NckO-repl3	IY6NckO	1944958610	1.0
qKwqJbj-repl1	qKwqJbj	1057554582	1.0
qKwqJbj-repl2	qKwqJbj	290011462	1.0
qKwqJbj-repl3	qKwqJbj	1723787908	1.0
fkI1viT-repl1	fkI1viT	1012891737	1.0
fkI1viT-repl2	fkI1viT	2313267796	1.0
fkI1viT-repl3	fkI1viT	3295385562	1.0
3NdIpjZ-repl1	3NdIpjZ	3711133285	1.0
3NdIpjZ-repl2	3NdIpjZ	1738367495	1.0
3NdIpjZ-repl3	3NdIpjZ	3202467382	1.0
GIxIX8g-repl1	GIxIX8g	157678755	1.0
GIxIX8g-repl2	GIxIX8g	763153534	1.0
GIxIX8g-repl3	GIxIX8g	2861214709	1.0
VVZhvMi-repl1	VVZhvMi	1410275334	1.0
VVZhvMi-repl2	VVZhvMi	1604083103	1.0
VVZhvMi-repl3	VVZhvMi	712437349	1.0
NhBONfS-repl1	NhBONfS	2024203335	1.0
NhBONfS-repl2	NhBONfS	1060418904	1.0
NhBONfS-repl3	NhBONfS	1443020414	1.0
xJCvIPX-repl1	xJCvIPX	3836415720	1.0
xJCvIPX-repl2	xJCvIPX	3522714358	1.0
xJCvIPX-repl3	xJCvIPX	3700189442	1.0
P8bCVie-repl1	P8bCVie	556246822	1.0
P8bCVie-repl2	P8bCVie	3320996661	1.0
P8bCVie-repl3	P8bCVie	2012348075	1.0
eNJGZwI-repl1	eNJGZwI	1803595642	1.0
eNJGZwI-repl2	eNJGZwI	2677168793	1.0
eNJGZwI-repl3	eNJGZwI	1860030960	1.0
kMlQDzo-repl1	kMlQDzo	602120152	1.0
kMlQDzo-repl2	kMlQDzo	2027522835	1.0
kMlQDzo-repl3	kMlQDzo	1811820604	1.0
FEfPA8U-repl1	FEfPA8U	2637360947	1.0
FEfPA8U-repl2	FEfPA8U	3264163088	1.0
FEfPA8U-repl3	FEfPA8U	2002340410	1.0
JwX9pAd-repl1	JwX9pAd	3957840382	1.0
JwX9pAd-repl2	JwX9pAd	2082781734	1.0
JwX9pAd-repl3	JwX9pAd	774037408	1.0
j7IusBC-repl1	j7IusBC	3732138153	1.0
j7IusBC-repl2	j7IusBC	3587295592	1.0
j7IusBC-repl3	j7IusBC	1593422410	1.0
Rgb495k-repl1	Rgb495k	3310552935	1.0
Rgb495k-repl2	Rgb495k	3563648908	1.0
Rgb495k-repl3	Rgb495k	1554489875	1.0
5ZYDi37-repl1	5ZYDi37	1129662833	1.0
5ZYDi37-repl2	5ZYDi37	1755073228	1.0
5ZYDi37-repl3	5ZYDi37	3537941269	1.0
ZPJlhUE-repl1	ZPJlhUE	552594027	1.0
ZPJlhUE-repl2	ZPJlhUE	66618775	1.0
ZPJlhUE-repl3	ZPJlhUE	3518992197	1.0
heCMg2i-repl1	heCMg2i	3721527980	1.0
heCMg2i-repl2	heCMg2i	1498926142	1.0
heCMg2i-repl3	heCMg2i	1713648744	1.0
giu5deT-repl1	giu5deT	3893063170	1.0
giu5deT-repl2	giu5deT	1057203363	1.0
giu5deT-repl3	giu5deT	3117999111	1.0
NeHegKJ-repl1	NeHegKJ	3186122811	1.0
NeHegKJ-repl2	NeHegKJ	1235087284	1.0
NeHegKJ-repl3	NeHegKJ	1789268791	1.0
KR3jBC0-repl1	KR3jBC0	3289527292	1.0
KR3jBC0-repl2	KR3jBC0	149823392	1.0
KR3jBC0-repl3	KR3jBC0	1592419063	1.0
IMblX4X-repl1	IMblX4X	350163681	1.0
IMblX4X-repl2	IMblX4X	251623856	1.0
IMblX4X-repl3	IMblX4X	2382417461	1.0
oQxF2QE-repl1	oQxF2QE	40168530	1.0
oQxF2QE-repl2	oQxF2QE	2871953754	1.0
oQxF2QE-repl3	oQxF2QE	3007558081	1.0
IhLNNWu-repl1	IhLNNWu	1507346344	1.0
IhLNNWu-repl2	IhLNNWu	3750942838	1.0
IhLNNWu-repl3	IhLNNWu	3595759805	1.0
dGmXO5l-repl1	dGmXO5l	1894849567	1.0
dGmXO5l-repl2	dGmXO5l	2849651975	1.0
dGmXO5l-repl3	dGmXO5l	3652331822	1.0
PFquIKK-repl1	PFquIKK	2275289872	1.0
PFquIKK-repl2	PFquIKK	220761060	1.0
PFquIKK-repl3	PFquIKK	3137741637	1.0
CVDVcRF-repl1	CVDVcRF	2562121645	1.0
CVDVcRF-repl2	CVDVcRF	2877314525	1.0
CVDVcRF-repl3	CVDVcRF	257475693	1.0
VdaNH9e-repl1	VdaNH9e	1891762890	1.0
VdaNH9e-repl2	VdaNH9e	2429867643	1.0
VdaNH9e-repl3	VdaNH9e	2475303420	1.0
zEAspEX-repl1	zEAspEX	628710270	1.0
zEAspEX-repl2	zEAspEX	1003990319	1.0
zEAspEX-repl3	zEAspEX	651603789	1.0
Cbsa0QS-repl1	Cbsa0QS	2043479704	1.0
Cbsa0QS-repl2	Cbsa0QS	3441468772	1.0
Cbsa0QS-repl3	Cbsa0QS	4054102410	1.0
bvv3Y4V-repl1	bvv3Y4V	2796713191	1.0
bvv3Y4V-repl2	bvv3Y4V	1701755625	1.0
bvv3Y4V-repl3	bvv3Y4V	272332578	1.0
DekyNZ6-repl1	DekyNZ6	1783815746	1.0
DekyNZ6-repl2	DekyNZ6	1382225874	1.0
DekyNZ6-repl3	DekyNZ6	1396204723	1.0
4SgAujc-repl1	4SgAujc	1514377463	1.0
4SgAujc-repl2	4SgAujc	2243557832	1.0
4SgAujc-repl3	4SgAujc	3039784458	1.0
tKGbrek-repl1	tKGbrek	3422134036	1.0
tKGbrek-repl2	tKGbrek	1183033848	1.0
tKGbrek-repl3	tKGbrek	586617972	1.0
QA5e6IE-repl1	QA5e6IE	805988963	1.0
QA5e6IE-repl2	QA5e6IE	995553850	1.0
QA5e6IE-repl3	QA5e6IE	1575398165	1.0
R4OVFBE-repl1	R4OVFBE	2187901210	1.0
R4OVFBE-repl2	R4OVFBE	1587259045	1.0
R4OVFBE-repl3	R4OVFBE	2014260129	1.0
Orz8F8Q-repl1	Orz8F8Q	1106408827	1.0
Orz8F8Q-repl2	Orz8F8Q	210964037	1.0
Orz8F8Q-repl3	Orz8F8Q	399760829	1.0
bhwPW4q-repl1	bhwPW4q	618339455	1.0
bhwPW4q-repl2	bhwPW4q	920347367	1.0
bhwPW4q-repl3	bhwPW4q	1142580072	1.0
PTSPCn8-repl1	PTSPCn8	3342864238	1.0
PTSPCn8-repl2	PTSPCn8	2703506547	1.0
PTSPCn8-repl3	PTSPCn8	404539937	1.0
rk24LPu-repl1	rk24LPu	3050508492	1.0
rk24LPu-repl2	rk24LPu	1819795785	1.0
rk24LPu-repl3	rk24LPu	2858022680	1.0
8JArF9e-repl1	8JArF9e	3064735334	1.0
8JArF9e-repl2	8JArF9e	1299813470	1.0
8JArF9e-repl3	8JArF9e	1975077063	1.0
rJjNdGk-repl1	rJjNdGk	3077100064	1.0
rJjNdGk-repl2	rJjNdGk	1606520573	1.0
rJjNdGk-repl3	rJjNdGk	1410176472	1.0
0NxXfFK-repl1	0NxXfFK	1575073600	1.0
0NxXfFK-repl2	0NxXfFK	3096277462	1.0
0NxXfFK-repl3	0NxXfFK	2018274887	1.0
LIQNLjK-repl1	LIQNLjK	3275091798	1.0
LIQNLjK-repl2	LIQNLjK	3420246638	1.0
LIQNLjK-repl3	LIQNLjK	240583423	1.0
Kgzt7Dv-repl1	Kgzt7Dv	671853662	1.0
Kgzt7Dv-repl2	Kgzt7Dv	1880248270	1.0
Kgzt7Dv-repl3	Kgzt7Dv	2832135079	1.0
Nu77nIl-repl1	Nu77nIl	3138701929	1.0
Nu77nIl-repl2	Nu77nIl	1487936296	1.0
Nu77nIl-repl3	Nu77nIl	1254218138	1.0
7IUuHPP-repl1	7IUuHPP	774895078	1.0
7IUuHPP-repl2	7IUuHPP	2420915121	1.0
7IUuHPP-repl3	7IUuHPP	538446271	1.0
NU3oUUy-repl1	NU3oUUy	1079043074	1.0
NU3oUUy-repl2	NU3oUUy	2191096018	1.0
NU3oUUy-repl3	NU3oUUy	1688895222	1.0
kJ1aOij-repl1	kJ1aOij	202711454	1.0
kJ1aOij-repl2	kJ1aOij	4153819566	1.0
kJ1aOij-repl3	kJ1aOij	755366113	1.0
FhNI9V6-repl1	FhNI9V6	2519821446	1.0
FhNI9V6-repl2	FhNI9V6	1204462947	1.0
FhNI9V6-repl3	FhNI9V6	1558559608	1.0
tv8IvdB-repl1	tv8IvdB	1607721208	1.0
tv8IvdB-repl2	tv8IvdB	3789464651	1.0
tv8IvdB-repl3	tv8IvdB	3693229651	1.0
qDbfc5F-repl1	qDbfc5F	3820997715	1.0
qDbfc5F-repl2	qDbfc5F	790159965	1.0
qDbfc5F-repl3	qDbfc5F	3032696981	1.0
eFdTFcm-repl1	eFdTFcm	3427221852	1.0
eFdTFcm-repl2	eFdTFcm	3447842117	1.0
eFdTFcm-repl3	eFdTFcm	1311589941	1.0
DP6d5Ku-repl1	DP6d5Ku	1932245680	1.0
DP6d5Ku-repl2	DP6d5Ku	82588870	1.0
DP6d5Ku-repl3	DP6d5Ku	1103597294	1.0
Ldm58kk-repl1	Ldm58kk	1164537783	1.0
Ldm58kk-repl2	Ldm58kk	1707120243	1.0
Ldm58kk-repl3	Ldm58kk	4120536086	1.0
