Marker	Haplotype	Frequency
mh01USC-1pA	A,C,G,C	0.234
mh01USC-1pA	A,C,G,G	0.009
mh01USC-1pA	A,T,G,C	0.042
mh01USC-1pA	G,C,C,G	0.397
mh01USC-1pA	G,C,G,G	0.318
mh01USC-1pB	A,A,C	0.449
mh01USC-1pB	A,G,A	0.178
mh01USC-1pB	A,G,C	0.187
mh01USC-1pB	T,G,A	0.187
mh01USC-1pC	G,A,G	0.033
mh01USC-1pC	T,A,G	0.318
mh01USC-1pC	T,G,G	0.393
mh01USC-1pC	T,G,T	0.257
mh01USC-1pD	C,C,A	0.257
mh01USC-1pD	C,C,C	0.355
mh01USC-1pD	C,T,A	0.014
mh01USC-1pD	C,T,C	0.056
mh01USC-1pD	T,C,C	0.014
mh01USC-1pD	T,T,A	0.159
mh01USC-1pD	T,T,C	0.145
mh01USC-1qA	A,G	0.575
mh01USC-1qA	G,A	0.262
mh01USC-1qA	G,G	0.164
mh01USC-1qB	C,G,A,C	0.126
mh01USC-1qB	C,G,G,C	0.537
mh01USC-1qB	T,C,G,C	0.15
mh01USC-1qB	T,C,G,T	0.178
mh01USC-1qB	T,G,G,C	0.009
mh01USC-1qC	A,A,C	0.308
mh01USC-1qC	G,A,C	0.285
mh01USC-1qC	T,A,A	0.192
mh01USC-1qC	T,A,C	0.164
mh01USC-1qC	T,G,A	0.051
mh01USC-1qD	C,A,A	0.388
mh01USC-1qD	C,A,G	0.168
mh01USC-1qD	C,G,A	0.238
mh01USC-1qD	C,G,G	0.009
mh01USC-1qD	T,A,G	0.196
mh02USC-2pA	A,A,G,A	0.121
mh02USC-2pA	T,A,A,T	0.341
mh02USC-2pA	T,A,G,A	0.229
mh02USC-2pA	T,A,G,T	0.019
mh02USC-2pA	T,C,G,A	0.266
mh02USC-2pA	T,C,G,T	0.023
mh02USC-2pB	A,C,A	0.304
mh02USC-2pB	G,A,A	0.252
mh02USC-2pB	G,C,A	0.178
mh02USC-2pB	G,C,C	0.266
mh02USC-2pC	A,C,G,T	0.22
mh02USC-2pC	G,C,G,G	0.229
mh02USC-2pC	G,C,G,T	0.276
mh02USC-2pC	G,C,T,T	0.103
mh02USC-2pC	G,T,G,T	0.173
mh02USC-2qA	C,C,A,C	0.229
mh02USC-2qA	C,C,A,G	0.229
mh02USC-2qA	C,T,G,C	0.36
mh02USC-2qA	T,T,A,C	0.182
mh02USC-2qB	A,A,A	0.421
mh02USC-2qB	A,A,G	0.196
mh02USC-2qB	A,T,A	0.322
mh02USC-2qB	G,A,G	0.061
mh02USC-2qC	C,A,G	0.416
mh02USC-2qC	C,G,G	0.388
mh02USC-2qC	G,G,A	0.15
mh02USC-2qC	G,G,G	0.047
mh02USC-2qD	A,G,G	0.224
mh02USC-2qD	G,C,A	0.234
mh02USC-2qD	G,C,G	0.336
mh02USC-2qD	G,G,G	0.206
mh02USC-2qE	C,A,G	0.173
mh02USC-2qE	C,A,T	0.313
mh02USC-2qE	C,G,G	0.215
mh02USC-2qE	G,A,G	0.299
mh03USC-3pA	A,C,G,T	0.07
mh03USC-3pA	C,C,G,T	0.145
mh03USC-3pA	C,T,A,C	0.425
mh03USC-3pA	C,T,A,T	0.276
mh03USC-3pA	C,T,G,C	0.084
mh03USC-3pB	A,A,C,C,A	0.173
mh03USC-3pB	A,A,C,C,G	0.5
mh03USC-3pB	C,G,C,C,A	0.061
mh03USC-3pB	C,G,C,G,A	0.266
mh03USC-3pC	A,T,A,A	0.112
mh03USC-3pC	G,C,G,A	0.21
mh03USC-3pC	G,T,A,A	0.21
mh03USC-3pC	G,T,G,A	0.369
mh03USC-3pC	G,T,G,G	0.098
mh03USC-3qA	C,A,C,C	0.439
mh03USC-3qA	C,A,C,T	0.463
mh03USC-3qA	C,G,C,C	0.065
mh03USC-3qA	T,A,T,C	0.033
mh03USC-3qB	A,C,A	0.439
mh03USC-3qB	G,C,A	0.397
mh03USC-3qB	G,C,C	0.033
mh03USC-3qB	G,T,A	0.131
mh03USC-3qC	A,C,C,A,G	0.065
mh03USC-3qC	A,C,C,G,G	0.159
mh03USC-3qC	A,C,C,G,T	0.023
mh03USC-3qC	A,C,T,A,G	0.005
mh03USC-3qC	A,C,T,G,G	0.36
mh03USC-3qC	A,C,T,G,T	0.098
mh03USC-3qC	A,T,C,G,G	0.005
mh03USC-3qC	G,C,C,A,G	0.005
mh03USC-3qC	G,C,C,G,G	0.005
mh03USC-3qC	G,C,T,G,G	0.009
mh03USC-3qC	G,T,C,A,G	0.224
mh03USC-3qC	G,T,C,G,G	0.037
mh03USC-3qC	G,T,C,G,T	0.005
mh04USC-4pA	C,T,C,A	0.201
mh04USC-4pA	G,G,A,A	0.028
mh04USC-4pA	G,G,C,A	0.257
mh04USC-4pA	G,G,C,G	0.107
mh04USC-4pA	G,T,A,A	0.173
mh04USC-4pA	G,T,A,G	0.234
mh04USC-4pB	C,A,C	0.276
mh04USC-4pB	C,A,G	0.369
mh04USC-4pB	C,G,C	0.262
mh04USC-4pB	T,G,C	0.093
mh04USC-4qA	C,C,G	0.271
mh04USC-4qA	C,C,T	0.35
mh04USC-4qA	C,T,T	0.271
mh04USC-4qA	G,C,G	0.107
mh04USC-4qB	C,A,A	0.318
mh04USC-4qB	C,G,A	0.112
mh04USC-4qB	C,G,G	0.388
mh04USC-4qB	T,G,A	0.182
mh04USC-4qC	G,G,G,G	0.154
mh04USC-4qC	T,A,G,G	0.444
mh04USC-4qC	T,G,A,G	0.388
mh04USC-4qC	T,G,G,C	0.005
mh04USC-4qC	T,G,G,G	0.009
mh04USC-4qD	A,A,C,C	0.182
mh04USC-4qD	A,A,C,T	0.173
mh04USC-4qD	G,A,C,C	0.033
mh04USC-4qD	G,G,C,C	0.308
mh04USC-4qD	G,G,T,C	0.304
mh05USC-5pA	A,C,A,G	0.121
mh05USC-5pA	A,C,T,G	0.271
mh05USC-5pA	A,T,A,G	0.262
mh05USC-5pA	G,C,A,C	0.266
mh05USC-5pA	G,C,T,C	0.042
mh05USC-5pA	G,C,T,G	0.037
mh05USC-5pB	A,A	0.168
mh05USC-5pB	C,A	0.603
mh05USC-5pB	C,C	0.229
mh05USC-5qA	C,C,T,T	0.192
mh05USC-5qA	T,C,G,T	0.346
mh05USC-5qA	T,C,T,A	0.215
mh05USC-5qA	T,C,T,T	0.22
mh05USC-5qA	T,T,T,T	0.028
mh05USC-5qB	C,A,A,C	0.084
mh05USC-5qB	C,C,A,C	0.098
mh05USC-5qB	C,C,A,T	0.229
mh05USC-5qB	T,T,A,C	0.439
mh05USC-5qB	T,T,G,C	0.15
mh05USC-5qC	C,A,C	0.322
mh05USC-5qC	C,G,C	0.285
mh05USC-5qC	C,G,T	0.238
mh05USC-5qC	T,G,T	0.154
mh05USC-5qD	A,A,G	0.182
mh05USC-5qD	G,A,A	0.318
mh05USC-5qD	G,A,G	0.117
mh05USC-5qD	G,G,G	0.383
mh06USC-6pA	C,C,A	0.294
mh06USC-6pA	C,C,T	0.308
mh06USC-6pA	C,T,T	0.061
mh06USC-6pA	G,C,T	0.336
mh06USC-6pB	C,A,A	0.35
mh06USC-6pB	C,G,A	0.215
mh06USC-6pB	T,A,A	0.21
mh06USC-6pB	T,A,G	0.224
mh06USC-6qA	C,C,T	0.252
mh06USC-6qA	G,C,C	0.304
mh06USC-6qA	G,C,T	0.336
mh06USC-6qA	G,T,T	0.107
mh06USC-6qB	A,C,A,G	0.341
mh06USC-6qB	G,C,A,C	0.089
mh06USC-6qB	G,C,A,G	0.005
mh06USC-6qB	G,C,G,G	0.112
mh06USC-6qB	G,T,G,G	0.453
mh06USC-6qC	A,C,C	0.033
mh06USC-6qC	A,T,C	0.369
mh06USC-6qC	A,T,T	0.187
mh06USC-6qC	C,T,C	0.411
mh06USC-6qD	C,T,T,T	0.037
mh06USC-6qD	T,C,C,T	0.453
mh06USC-6qD	T,C,T,C	0.061
mh06USC-6qD	T,C,T,T	0.201
mh06USC-6qD	T,T,T,C	0.248
mh07USC-7pA	A,A,G,A	0.187
mh07USC-7pA	A,A,T,A	0.22
mh07USC-7pA	A,A,T,C	0.005
mh07USC-7pA	A,G,T,C	0.294
mh07USC-7pA	T,A,T,C	0.294
mh07USC-7pB	A,A,A,C	0.154
mh07USC-7pB	A,A,G,C	0.28
mh07USC-7pB	A,A,G,T	0.028
mh07USC-7pB	A,G,G,C	0.28
mh07USC-7pB	T,A,A,C	0.093
mh07USC-7pB	T,A,A,T	0.009
mh07USC-7pB	T,A,G,C	0.056
mh07USC-7pB	T,A,G,T	0.093
mh07USC-7pB	T,G,G,C	0.005
mh07USC-7pC	C,C,C,G,T	0.009
mh07USC-7pC	C,C,T,A,C	0.276
mh07USC-7pC	C,C,T,G,C	0.009
mh07USC-7pC	C,T,C,G,T	0.547
mh07USC-7pC	T,C,C,G,C	0.159
mh07USC-7qA	C,A,C	0.266
mh07USC-7qA	C,A,T	0.416
mh07USC-7qA	C,G,C	0.243
mh07USC-7qA	G,A,T	0.075
mh07USC-7qB	C,A,A	0.341
mh07USC-7qB	C,A,G	0.425
mh07USC-7qB	C,C,A	0.093
mh07USC-7qB	T,C,A	0.14
mh07USC-7qC	A,A,C,G,C	0.079
mh07USC-7qC	A,G,C,A,C	0.159
mh07USC-7qC	A,G,T,G,C	0.379
mh07USC-7qC	A,G,T,G,T	0.103
mh07USC-7qC	T,A,C,G,C	0.262
mh07USC-7qC	T,G,C,G,C	0.019
mh08USC-8pA	A,G,T,A	0.262
mh08USC-8pA	A,G,T,G	0.252
mh08USC-8pA	G,A,T,G	0.033
mh08USC-8pA	G,G,T,A	0.29
mh08USC-8pA	G,G,T,G	0.164
mh08USC-8pB	C,A,C,C,A	0.037
mh08USC-8pB	C,A,T,C,A	0.5
mh08USC-8pB	C,T,C,C,A	0.005
mh08USC-8pB	C,T,C,T,A	0.009
mh08USC-8pB	C,T,C,T,G	0.262
mh08USC-8pB	T,A,C,C,A	0.005
mh08USC-8pB	T,T,C,T,A	0.178
mh08USC-8pB	T,T,C,T,G	0.005
mh08USC-8qA	A,A,C	0.098
mh08USC-8qA	A,A,T	0.35
mh08USC-8qA	A,G,T	0.35
mh08USC-8qA	C,A,C	0.201
mh08USC-8qB	A,T,T	0.121
mh08USC-8qB	G,C,T	0.603
mh08USC-8qB	G,T,C	0.159
mh08USC-8qB	G,T,T	0.117
mh08USC-8qC	A,A,A,C	0.14
mh08USC-8qC	C,A,A,C	0.009
mh08USC-8qC	C,A,G,C	0.271
mh08USC-8qC	C,C,G,A	0.215
mh08USC-8qC	C,C,G,C	0.364
mh09USC-9pA	A,T,C,A,A	0.215
mh09USC-9pA	A,T,T,G,C	0.145
mh09USC-9pA	G,C,C,A,A	0.009
mh09USC-9pA	G,C,C,A,C	0.023
mh09USC-9pA	G,T,C,A,A	0.005
mh09USC-9pA	G,T,C,A,C	0.416
mh09USC-9pA	G,T,C,G,A	0.014
mh09USC-9pA	G,T,C,G,C	0.173
mh09USC-9pB	G,T,A,C	0.248
mh09USC-9pB	T,C,G,C	0.313
mh09USC-9pB	T,C,G,T	0.435
mh09USC-9pB	T,T,G,C	0.005
mh09USC-9qA	G,G,C	0.402
mh09USC-9qA	G,G,G	0.196
mh09USC-9qA	T,C,C	0.262
mh09USC-9qA	T,G,C	0.14
mh09USC-9qB	C,A,T,T	0.402
mh09USC-9qB	C,G,T,T	0.215
mh09USC-9qB	T,G,C,C	0.014
mh09USC-9qB	T,G,C,T	0.364
mh09USC-9qB	T,G,T,T	0.005
mh09USC-9qC	A,C,C,G,C	0.243
mh09USC-9qC	A,T,C,G,A	0.07
mh09USC-9qC	A,T,C,G,C	0.472
mh09USC-9qC	G,C,C,G,C	0.037
mh09USC-9qC	G,C,T,C,A	0.042
mh09USC-9qC	G,C,T,G,A	0.126
mh09USC-9qC	G,T,C,G,A	0.009
mh0XUSC-XpA	A,A,C	0.194
mh0XUSC-XpA	A,A,G	0.169
mh0XUSC-XpA	A,G,G	0.506
mh0XUSC-XpA	G,G,G	0.131
mh0XUSC-XpB	G,G,G	0.287
mh0XUSC-XpB	G,T,G	0.481
mh0XUSC-XpB	G,T,T	0.056
mh0XUSC-XpB	T,G,G	0.175
mh0XUSC-XpC	C,C,C,A	0.1
mh0XUSC-XpC	C,C,C,T	0.1
mh0XUSC-XpC	C,T,T,T	0.25
mh0XUSC-XpC	T,C,T,T	0.55
mh0XUSC-XqA	A,T	0.019
mh0XUSC-XqA	C,C	0.475
mh0XUSC-XqA	C,T	0.506
mh0XUSC-XqB	A,C,A	0.169
mh0XUSC-XqB	G,C,A	0.487
mh0XUSC-XqB	G,C,G	0.344
mh0XUSC-XqC	A,C,T	0.044
mh0XUSC-XqC	A,T,G	0.306
mh0XUSC-XqC	G,T,T	0.65
mh0XUSC-XqE	C,A	0.25
mh0XUSC-XqE	C,G	0.544
mh0XUSC-XqE	T,A	0.206
mh0XUSC-XqF	C,T	0.194
mh0XUSC-XqF	T,C	0.081
mh0XUSC-XqF	T,T	0.725
mh0XUSC-XqG	A,G,C	0.006
mh0XUSC-XqG	G,A,G	0.331
mh0XUSC-XqG	G,G,C	0.1
mh0XUSC-XqG	G,G,G	0.562
mh0XUSC-XqH	G,C,T	0.025
mh0XUSC-XqH	G,T,T	0.356
mh0XUSC-XqH	T,C,C	0.35
mh0XUSC-XqH	T,C,T	0.269
mh10USC-10pA	A,G,G	0.159
mh10USC-10pA	T,A,G	0.383
mh10USC-10pA	T,G,A	0.042
mh10USC-10pA	T,G,G	0.416
mh10USC-10pB	C,A,G	0.037
mh10USC-10pB	T,A,G	0.023
mh10USC-10pB	T,G,A	0.589
mh10USC-10pB	T,G,G	0.35
mh10USC-10qA	A,A,G	0.411
mh10USC-10qA	A,G,A	0.224
mh10USC-10qA	A,G,G	0.15
mh10USC-10qA	C,G,G	0.215
mh10USC-10qB	A,G,A	0.187
mh10USC-10qB	A,T,A	0.084
mh10USC-10qB	G,T,A	0.659
mh10USC-10qB	G,T,G	0.07
mh10USC-10qC	G,C,A	0.079
mh10USC-10qC	G,T,A	0.145
mh10USC-10qC	T,C,A	0.121
mh10USC-10qC	T,T,A	0.411
mh10USC-10qC	T,T,G	0.243
mh11USC-11pA	A,T,G	0.533
mh11USC-11pA	G,C,G	0.318
mh11USC-11pA	G,T,A	0.07
mh11USC-11pA	G,T,G	0.079
mh11USC-11pB	C,A,T,G	0.327
mh11USC-11pB	C,G,C,A	0.047
mh11USC-11pB	C,G,C,G	0.248
mh11USC-11pB	C,G,T,G	0.047
mh11USC-11pB	T,G,C,G	0.332
mh11USC-11qA	C,C	0.435
mh11USC-11qA	C,T	0.107
mh11USC-11qA	G,C	0.098
mh11USC-11qA	T,C	0.36
mh11USC-11qB	A,C,G,T	0.07
mh11USC-11qB	A,T,A,C	0.126
mh11USC-11qB	A,T,G,T	0.29
mh11USC-11qB	G,T,G,C	0.514
mh11USC-11qC	A,A,C	0.491
mh11USC-11qC	A,A,T	0.089
mh11USC-11qC	A,G,C	0.346
mh11USC-11qC	G,A,T	0.075
mh12USC-12pA	A,C,G,A	0.322
mh12USC-12pA	A,T,G,A	0.374
mh12USC-12pA	A,T,G,G	0.014
mh12USC-12pA	A,T,T,G	0.145
mh12USC-12pA	T,T,G,A	0.145
mh12USC-12pB	G,G,T	0.093
mh12USC-12pB	T,A,T	0.21
mh12USC-12pB	T,G,A	0.136
mh12USC-12pB	T,G,T	0.561
mh12USC-12qA	A,T,A	0.266
mh12USC-12qA	A,T,G	0.126
mh12USC-12qA	G,G,G	0.304
mh12USC-12qA	G,T,G	0.304
mh12USC-12qB	A,A,A,C	0.084
mh12USC-12qB	A,A,A,T	0.285
mh12USC-12qB	A,A,C,C	0.005
mh12USC-12qB	A,C,A,C	0.037
mh12USC-12qB	G,A,A,C	0.318
mh12USC-12qB	G,A,A,T	0.019
mh12USC-12qB	G,A,C,C	0.079
mh12USC-12qB	G,C,A,C	0.15
mh12USC-12qB	G,C,C,C	0.023
mh12USC-12qC	A,C,A,C	0.019
mh12USC-12qC	A,C,A,T	0.164
mh12USC-12qC	A,T,A,C	0.023
mh12USC-12qC	A,T,A,T	0.467
mh12USC-12qC	G,C,A,C	0.051
mh12USC-12qC	G,C,G,C	0.276
mh13USC-13qA	A,C,A,A	0.023
mh13USC-13qA	A,C,A,G	0.238
mh13USC-13qA	A,T,A,A	0.252
mh13USC-13qA	A,T,A,G	0.005
mh13USC-13qA	A,T,G,A	0.014
mh13USC-13qA	A,T,G,G	0.154
mh13USC-13qA	G,C,A,A	0.243
mh13USC-13qA	G,C,A,G	0.033
mh13USC-13qA	G,T,A,A	0.028
mh13USC-13qA	G,T,G,G	0.009
mh13USC-13qB	A,T,A,G	0.145
mh13USC-13qB	A,T,C,A	0.252
mh13USC-13qB	A,T,C,G	0.21
mh13USC-13qB	G,G,C,G	0.318
mh13USC-13qB	G,T,C,G	0.075
mh13USC-13qC	C,C,T,C	0.178
mh13USC-13qC	C,G,T,C	0.248
mh13USC-13qC	T,G,G,C	0.449
mh13USC-13qC	T,G,T,G	0.126
mh13USC-13qD	A,A,A,C	0.005
mh13USC-13qD	A,A,A,T	0.121
mh13USC-13qD	A,A,G,C	0.037
mh13USC-13qD	A,A,G,T	0.224
mh13USC-13qD	A,G,G,C	0.005
mh13USC-13qD	A,G,G,T	0.159
mh13USC-13qD	G,A,G,C	0.009
mh13USC-13qD	G,A,G,T	0.005
mh13USC-13qD	G,G,G,C	0.042
mh13USC-13qD	G,G,G,T	0.393
mh14USC-14qA	G,C,G	0.224
mh14USC-14qA	G,T,G	0.192
mh14USC-14qA	T,C,C	0.327
mh14USC-14qA	T,C,G	0.248
mh14USC-14qA	T,T,G	0.009
mh14USC-14qB	A,C,C	0.065
mh14USC-14qB	A,T,C	0.645
mh14USC-14qB	C,C,A	0.051
mh14USC-14qB	C,C,C	0.238
mh14USC-14qC	C,A,G	0.491
mh14USC-14qC	T,A,A	0.117
mh14USC-14qC	T,A,G	0.196
mh14USC-14qC	T,G,G	0.196
mh14USC-14qD	G,A,T	0.187
mh14USC-14qD	G,T,G	0.383
mh14USC-14qD	T,A,T	0.43
mh15USC-15qA	A,C,A,A	0.145
mh15USC-15qA	A,T,A,A	0.164
mh15USC-15qA	A,T,A,G	0.126
mh15USC-15qA	A,T,C,A	0.168
mh15USC-15qA	G,T,A,A	0.397
mh15USC-15qB	G,A,A	0.388
mh15USC-15qB	G,G,A	0.425
mh15USC-15qB	G,G,G	0.014
mh15USC-15qB	T,G,G	0.173
mh15USC-15qC	A,C,T	0.051
mh15USC-15qC	A,T,C	0.079
mh15USC-15qC	A,T,T	0.168
mh15USC-15qC	G,C,C	0.005
mh15USC-15qC	G,C,T	0.626
mh15USC-15qC	G,T,C	0.07
mh15USC-15qD	C,C,G,G	0.355
mh15USC-15qD	C,T,A,G	0.028
mh15USC-15qD	C,T,G,A	0.374
mh15USC-15qD	C,T,G,G	0.159
mh15USC-15qD	T,T,A,G	0.084
mh16USC-16pA	C,A,T,G	0.224
mh16USC-16pA	C,G,T,A	0.519
mh16USC-16pA	C,G,T,G	0.178
mh16USC-16pA	T,G,C,G	0.079
mh16USC-16pB	A,C	0.346
mh16USC-16pB	G,C	0.407
mh16USC-16pB	G,T	0.248
mh16USC-16qA	G,G,T	0.103
mh16USC-16qA	G,T,T	0.056
mh16USC-16qA	T,G,C	0.383
mh16USC-16qA	T,G,T	0.458
mh16USC-16qB	A,A,T	0.43
mh16USC-16qB	G,A,T	0.051
mh16USC-16qB	G,G,A	0.285
mh16USC-16qB	G,G,T	0.234
mh17USC-17pA	C,C,A	0.005
mh17USC-17pA	C,T,A	0.215
mh17USC-17pA	C,T,C	0.005
mh17USC-17pA	T,C,A	0.168
mh17USC-17pA	T,C,C	0.318
mh17USC-17pA	T,T,C	0.29
mh17USC-17qA	A,C,C,T	0.393
mh17USC-17qA	A,C,T,T	0.192
mh17USC-17qA	G,A,T,T	0.178
mh17USC-17qA	G,C,C,C	0.238
mh17USC-17qB	A,C,C	0.056
mh17USC-17qB	A,G,C	0.154
mh17USC-17qB	A,G,T	0.299
mh17USC-17qB	G,G,C	0.472
mh17USC-17qB	G,G,T	0.019
mh17USC-17qC	C,C,G,C	0.346
mh17USC-17qC	G,C,A,T	0.238
mh17USC-17qC	G,C,G,T	0.271
mh17USC-17qC	G,G,A,C	0.136
mh17USC-17qC	G,G,G,C	0.009
mh18USC-18pA	C,A,A,T,G	0.168
mh18USC-18pA	C,C,A,G,G	0.056
mh18USC-18pA	T,C,A,T,A	0.15
mh18USC-18pA	T,C,A,T,G	0.093
mh18USC-18pA	T,C,G,T,G	0.533
mh18USC-18qA	A,A,G	0.121
mh18USC-18qA	G,A,A	0.121
mh18USC-18qA	G,A,G	0.103
mh18USC-18qA	G,C,G	0.654
mh18USC-18qB	G,A,C	0.075
mh18USC-18qB	G,A,T	0.145
mh18USC-18qB	G,G,C	0.262
mh18USC-18qB	T,A,C	0.519
mh18USC-18qC	G,A,A,G	0.252
mh18USC-18qC	T,A,G,G	0.364
mh18USC-18qC	T,G,A,G	0.121
mh18USC-18qC	T,G,A,T	0.262
mh19USC-19pA	C,C,G	0.005
mh19USC-19pA	C,G,A	0.692
mh19USC-19pA	C,G,G	0.098
mh19USC-19pA	T,C,G	0.121
mh19USC-19pA	T,G,G	0.084
mh19USC-19pB	A,A,C,C,G	0.005
mh19USC-19pB	A,A,C,T,G	0.364
mh19USC-19pB	A,G,C,T,G	0.014
mh19USC-19pB	A,G,T,C,G	0.164
mh19USC-19pB	A,G,T,C,T	0.107
mh19USC-19pB	G,G,T,T,G	0.346
mh19USC-19qA	C,C,A,C	0.444
mh19USC-19qA	C,C,A,T	0.22
mh19USC-19qA	C,C,G,C	0.037
mh19USC-19qA	C,T,A,C	0.047
mh19USC-19qA	C,T,G,C	0.014
mh19USC-19qA	T,C,G,C	0.238
mh19USC-19qB	A,G,A	0.168
mh19USC-19qB	G,C,A	0.29
mh19USC-19qB	G,C,G	0.252
mh19USC-19qB	G,G,A	0.084
mh19USC-19qB	G,G,G	0.206
mh20USC-20pA	C,A,C,C	0.173
mh20USC-20pA	T,A,C,T	0.215
mh20USC-20pA	T,A,T,T	0.21
mh20USC-20pA	T,G,C,C	0.402
mh20USC-20pB	A,C,A	0.009
mh20USC-20pB	A,C,G	0.093
mh20USC-20pB	A,G,G	0.696
mh20USC-20pB	T,C,A	0.201
mh20USC-20qA	G,A,A	0.065
mh20USC-20qA	G,A,C	0.089
mh20USC-20qA	G,G,C	0.509
mh20USC-20qA	T,A,C	0.336
mh20USC-20qB	C,A,A,C	0.206
mh20USC-20qB	C,C,A,T	0.322
mh20USC-20qB	C,C,G,C	0.005
mh20USC-20qB	C,C,G,T	0.21
mh20USC-20qB	T,A,A,C	0.005
mh20USC-20qB	T,C,G,C	0.252
mh21USC-21qA	C,A,G,G	0.285
mh21USC-21qA	G,A,A,G	0.075
mh21USC-21qA	G,A,G,A	0.327
mh21USC-21qA	G,A,G,G	0.005
mh21USC-21qA	G,T,G,G	0.308
mh21USC-21qB	C,A,C	0.033
mh21USC-21qB	T,A,C	0.636
mh21USC-21qB	T,A,T	0.22
mh21USC-21qB	T,G,C	0.112
mh22USC-22qA	A,C,T,A	0.271
mh22USC-22qA	A,C,T,G	0.299
mh22USC-22qA	A,T,G,G	0.15
mh22USC-22qA	T,C,G,G	0.28
mh22USC-22qB	A,A,T,A,T	0.36
mh22USC-22qB	A,A,T,G,T	0.005
mh22USC-22qB	A,G,C,A,T	0.178
mh22USC-22qB	A,G,T,G,C	0.075
mh22USC-22qB	A,G,T,G,T	0.07
mh22USC-22qB	G,G,C,A,T	0.178
mh22USC-22qB	G,G,C,G,T	0.136
